"Symbol","Description","Category2","Category3","GICS Sector","Market cap","Dividend yield","Price to TTM earnings","Price to TTM sales","Price to book value","Action"
"AAPL","Apple Inc","Common stocks","Large cap","Information Technology","$2,297,956,828,480","0.63%","21.82","5.95","33.00","Analyze"
"MSFT","Microsoft Corp","Common stocks","Large cap","Information Technology","$1,746,936,592,097","1.06%","23.53","9.07","10.46","Analyze"
"GOOG","Alphabet Inc Class C","Common stocks","Large cap","Communication Services","$1,208,476,490,000","0.00%","8.04","4.47","2.36","Analyze"
"GOOGL","Alphabet Inc Class A","Common stocks","Large cap","Communication Services","$1,208,476,490,000","0.00%","7.77","4.47","2.28","Analyze"
"AMZN","Amazon.Com Inc.","Common stocks","Large cap","Consumer Discretionary","$1,146,405,543,670","0.00%","50.86","2.40","8.13","Analyze"
"TSLA","Tesla Inc","Common stocks","Large cap","Consumer Discretionary","$694,752,978,377","0.00%","76.48","11.17","18.84","Analyze"
"BRK.B","Berkshire Hathaway Inc. Class B","Common stocks","Large cap","Financials","$607,926,273,447","0.00%","4.25","1.71","0.69","Analyze"
"UNH","Unitedhealth Group Inc","Common stocks","Large cap","Health Care","$476,960,997,656","1.21%","27.51","1.62","6.60","Analyze"
"JNJ","Johnson & Johnson","Common stocks","Large cap","Health Care","$434,209,059,659","2.63%","21.81","4.58","5.79","Analyze"
"XOM","Exxon Mobil Corp","Common stocks","Large cap","Energy","$424,557,109,372","3.40%","16.03","1.38","2.44","Analyze"
"WMT","Walmart Stores Inc","Common stocks","Large cap","Consumer Staples","$359,039,394,306","1.68%","27.24","0.62","4.60","Analyze"
"META","Meta Platforms, Inc.","Common stocks","Large cap","Communication Services","$350,480,100,000","0.00%","0.00","0.00","0.00","Analyze"
"CVX","Chevron Corp","Common stocks","Large cap","Energy","$324,744,368,008","3.34%","15.34","1.84","2.15","Analyze"
"JPM","JP Morgan Chase & Co","Common stocks","Large cap","Financials","$320,735,442,294","3.63%","8.05","2.67","1.14","Analyze"
"LLY","Eli Lilly","Common stocks","Large cap","Health Care","$315,553,056,726","1.14%","51.37","10.76","33.75","Analyze"
"V","Visa Inc Class A","Common stocks","Large cap","Information Technology","$301,921,805,269","0.81%","21.79","11.21","8.30","Analyze"
"PG","Procter & Gamble","Common stocks","Large cap","Consumer Staples","$301,312,437,803","2.80%","20.44","3.78","6.56","Analyze"
"NVDA","Nvidia Corp","Common stocks","Large cap","Information Technology","$297,804,000,000","0.13%","28.66","11.07","10.50","Analyze"
"HD","Home Depot Inc","Common stocks","Large cap","Consumer Discretionary","$289,540,549,874","2.57%","17.13","1.90","-165.59","Analyze"
"MA","Mastercard Inc Class A","Common stocks","Large cap","Information Technology","$281,812,364,624","0.67%","29.16","14.16","39.35","Analyze"
"BAC","Bank of America Corp","Common stocks","Large cap","Financials","$254,636,724,702","2.66%","8.61","2.84","0.96","Analyze"
"ABBV","Abbvie Inc","Common stocks","Large cap","Health Care","$252,696,351,065","3.89%","20.25","4.45","15.52","Analyze"
"KO","Coca-Cola","Common stocks","Large cap","Consumer Staples","$241,617,031,951","3.08%","23.07","6.02","9.57","Analyze"
"PFE","Pfizer Inc","Common stocks","Large cap","Health Care","$241,218,880,751","3.66%","9.63","2.61","2.92","Analyze"
"PEP","Pepsico Inc","Common stocks","Large cap","Consumer Staples","$240,561,804,983","2.52%","23.07","2.98","12.88","Analyze"
"MRK","Merck & Co Inc","Common stocks","Large cap","Health Care","$234,303,052,864","2.95%","16.47","4.34","5.71","Analyze"
"COST","Costco Wholesale Corp","Common stocks","Large cap","Consumer Staples","$207,134,313,819","0.72%","36.50","0.99","10.36","Analyze"
"TMO","Thermo Fisher Scientific Inc","Common stocks","Large cap","Health Care","$200,023,936,659","0.23%","25.92","4.86","4.81","Analyze"
"DHR","Danaher Corp","Common stocks","Large cap","Health Care","$187,149,866,481","0.37%","29.33","6.18","3.98","Analyze"
"MCD","Mcdonalds Corp","Common stocks","Large cap","Consumer Discretionary","$181,538,236,619","2.22%","25.15","7.64","-29.86","Analyze"
"ABT","Abbott Laboratories","Common stocks","Large cap","Health Care","$179,447,487,065","1.82%","22.88","4.03","4.99","Analyze"
"AVGO","Broadcom Inc.","Common stocks","Large cap","Information Technology","$177,378,487,684","3.71%","22.97","6.22","7.52","Analyze"
"DIS","Walt Disney","Common stocks","Large cap","Communication Services","$176,180,303,569","0.00%","64.95","2.30","1.90","Analyze"
"ORCL","Oracle Corp","Common stocks","Large cap","Information Technology","$175,790,043,738","1.95%","22.93","4.20","-19.94","Analyze"
"ACN","Accenture Plc Class A","Common stocks","Large cap","Information Technology","$171,155,073,403","1.56%","26.29","3.02","8.17","Analyze"
"TMUS","T Mobile US Inc","Common stocks","Large cap","Communication Services","$166,887,807,687","0.00%","58.82","2.07","2.36","Analyze"
"CSCO","Cisco Systems Inc","Common stocks","Large cap","Information Technology","$166,860,161,622","3.69%","13.76","3.23","4.09","Analyze"
"WFC","Wells Fargo","Common stocks","Large cap","Financials","$160,749,438,191","2.34%","8.49","2.07","0.91","Analyze"
"COP","ConocoPhillips","Common stocks","Large cap","Energy","$158,757,997,399","3.55%","11.87","2.95","3.10","Analyze"
"VZ","Verizon Communications Inc","Common stocks","Large cap","Communication Services","$152,869,614,206","6.92%","7.14","1.14","1.82","Analyze"
"BMY","Bristol Myers Squibb","Common stocks","Large cap","Health Care","$151,112,007,532","3.02%","24.12","3.22","4.77","Analyze"
"CRM","Salesforce.Com Inc","Common stocks","Large cap","Information Technology","$145,440,000,000","0.00%","98.49","5.49","2.45","Analyze"
"NEE","Nextera Energy Inc","Common stocks","Large cap","Utilities","$143,605,710,485","2.25%","96.85","8.85","3.93","Analyze"
"TXN","Texas Instrument Inc","Common stocks","Large cap","Information Technology","$141,021,594,714","2.95%","16.51","7.44","9.67","Analyze"
"LIN","Linde Plc","Common stocks","Large cap","Materials","$140,768,343,986","1.61%","34.13","4.43","3.19","Analyze"
"ADBE","Adobe Inc","Common stocks","Large cap","Information Technology","$137,024,626,000","0.00%","27.73","8.49","9.72","Analyze"
"MS","Morgan Stanley","Common stocks","Large cap","Financials","$136,178,662,671","3.58%","9.15","2.45","1.26","Analyze"
"PM","Philip Morris International Inc","Common stocks","Large cap","Consumer Staples","$135,220,747,101","5.64%","14.68","4.28","-13.09","Analyze"
"SCHW","Charles Schwab Corporation","Common stocks","Large cap","Financials","$134,644,011,283","1.08%","23.88","7.29","2.61","Analyze"
"AMGN","Amgen Inc","Common stocks","Large cap","Health Care","$134,620,697,711","2.98%","23.49","5.12","146.78","Analyze"
"CMCSA","Comcast A Corp","Common stocks","Large cap","Communication Services","$133,126,692,015","3.48%","9.20","1.11","1.40","Analyze"
"QCOM","Qualcomm Inc","Common stocks","Large cap","Information Technology","$126,741,780,000","2.51%","11.07","3.23","9.26","Analyze"
"RTX","Raytheon Technologies Corporation","Common stocks","Large cap","Industrials","$124,908,270,097","2.48%","28.98","1.93","1.68","Analyze"
"UNP","Union Pacific Corp","Common stocks","Large cap","Industrials","$122,859,918,584","2.50%","17.77","5.42","10.17","Analyze"
"LOW","Lowes Companies Inc","Common stocks","Large cap","Consumer Discretionary","$119,894,521,522","1.78%","13.92","1.26","-17.06","Analyze"
"HON","Honeywell International Inc","Common stocks","Large cap","Industrials","$119,614,070,883","2.19%","22.35","3.49","6.39","Analyze"
"UPS","United Parcel Service Inc Class B","Common stocks","Large cap","Industrials","$119,392,551,409","3.37%","10.96","1.21","7.65","Analyze"
"CVS","CVS Health Corp","Common stocks","Large cap","Health Care","$118,285,875,511","2.37%","14.66","0.39","1.59","Analyze"
"ELV","Elevance Health, Inc.","Common stocks","Large cap","Health Care","$113,793,929,053","1.05%","0.00","0.00","0.00","Analyze"
"NKE","Nike Inc Class B","Common stocks","Large cap","Consumer Discretionary","$113,172,731,603","1.36%","18.09","2.42","7.47","Analyze"
"INTU","Intuit Inc","Common stocks","Large cap","Information Technology","$111,558,460,711","0.71%","49.33","9.77","6.87","Analyze"
"MDT","Medtronic Plc","Common stocks","Large cap","Health Care","$110,984,299,632","3.10%","22.07","3.49","2.06","Analyze"
"DE","Deere & Company","Common stocks","Large cap","Industrials","$110,819,113,547","1.18%","19.10","2.52","5.70","Analyze"
"IBM","International Business Machines Co","Common stocks","Large cap","Information Technology","$109,998,335,192","5.30%","19.64","2.04","5.69","Analyze"
"INTC","Intel Corporation Corp","Common stocks","Large cap","Information Technology","$108,480,520,000","5.39%","4.32","1.40","1.03","Analyze"
"T","AT&T Inc.","Common stocks","Large cap","Communication Services","$107,805,600,000","7.91%","6.24","0.66","0.57","Analyze"
"LMT","Lockheed Martin Corp","Common stocks","Large cap","Industrials","$107,641,194,013","2.74%","16.62","1.64","10.32","Analyze"
"AXP","American Express","Common stocks","Large cap","Financials","$106,126,799,533","1.40%","13.13","2.36","4.58","Analyze"
"GS","Goldman Sachs Group Inc","Common stocks","Large cap","Financials","$104,820,165,425","2.75%","5.61","1.96","0.89","Analyze"
"NFLX","Netflix Inc","Common stocks","Large cap","Communication Services","$102,721,757,310","0.00%","20.29","3.38","5.79","Analyze"
"SBUX","Starbucks Corp","Common stocks","Large cap","Consumer Discretionary","$102,543,138,000","2.17%","22.48","3.27","-11.30","Analyze"
"SPGI","S&P Global Inc","Common stocks","Large cap","Financials","$97,475,380,000","1.10%","27.28","11.24","2.41","Analyze"
"PYPL","Paypal Holdings Inc","Common stocks","Large cap","Information Technology","$97,190,232,451","0.00%","25.99","3.76","4.52","Analyze"
"CAT","Caterpillar Inc","Common stocks","Large cap","Industrials","$96,681,280,449","2.45%","14.48","1.84","5.51","Analyze"
"ADP","Automatic Data Processing Inc","Common stocks","Large cap","Information Technology","$95,475,555,393","1.80%","32.79","6.05","22.38","Analyze"
"AMD","Advanced Micro Devices Inc","Common stocks","Large cap","Information Technology","$95,148,073,846","0.00%","26.62","5.04","1.63","Analyze"
"CI","Cigna Corp","Common stocks","Large cap","Health Care","$90,814,786,363","1.46%","16.73","0.51","1.96","Analyze"
"AMT","American Tower Corporation","REITs","Large cap","Real Estate","$88,391,674,484","2.97%","32.83","8.97","16.13","Analyze"
"BLK","Blackrock Inc","Common stocks","Large cap","Financials","$85,339,629,336","3.30%","13.53","4.34","2.22","Analyze"
"GILD","Gilead Sciences Inc","Common stocks","Large cap","Health Care","$83,298,797,005","4.29%","18.37","3.03","4.16","Analyze"
"C","Citigroup Inc","Common stocks","Large cap","Financials","$83,181,678,308","4.68%","4.87","1.16","0.42","Analyze"
"MO","Altria Group Inc","Common stocks","Large cap","Consumer Staples","$82,639,785,046","7.70%","27.09","3.93","-46.28","Analyze"
"SYK","Stryker Corp","Common stocks","Large cap","Health Care","$80,962,788,528","1.29%","39.25","4.65","5.26","Analyze"
"CB","Chubb Ltd","Common stocks","Large cap","Financials","$80,909,669,197","1.67%","9.60","1.99","1.39","Analyze"
"REGN","Regeneron Pharmaceuticals Inc","Common stocks","Large cap","Health Care","$80,667,038,851","0.00%","9.94","4.89","3.96","Analyze"
"MDLZ","Mondelez International Inc","Common stocks","Large cap","Consumer Staples","$79,054,253,398","2.47%","18.61","2.70","2.77","Analyze"
"BA","Boeing","Common stocks","Large cap","Industrials","$78,620,598,776","0.00%","-16.19","1.29","-5.13","Analyze"
"MMC","Marsh & McLennan Inc","Common stocks","Large cap","Financials","$78,293,521,807","1.43%","23.60","3.86","6.97","Analyze"
"NOC","Northrop Grumman Corp","Common stocks","Large cap","Industrials","$77,578,433,771","1.31%","12.46","2.20","5.40","Analyze"
"VRTX","Vertex Pharmaceuticals Inc","Common stocks","Large cap","Health Care","$76,050,494,792","0.00%","30.68","9.57","6.89","Analyze"
"PLD","Prologis, Inc","REITs","Large cap","Real Estate","$75,903,414,158","2.90%","19.83","15.71","2.16","Analyze"
"TJX","TJX Companies, Inc.","Common stocks","Large cap","Consumer Discretionary","$75,677,431,998","1.69%","23.92","1.45","12.29","Analyze"
"EOG","EOG Resources Inc","Common stocks","Large cap","Energy","$74,626,909,431","1.71%","16.14","3.33","3.28","Analyze"
"GE","General Electric","Common stocks","Large cap","Industrials","$74,499,817,750","0.47%","-14.88","1.01","1.90","Analyze"
"ADI","Analog Devices Inc","Common stocks","Large cap","Information Technology","$73,422,253,550","2.07%","42.82","7.53","1.90","Analyze"
"NOW","Servicenow Inc","Common stocks","Large cap","Information Technology","$73,103,800,000","0.00%","309.09","11.68","17.27","Analyze"
"PGR","Progressive Corp","Common stocks","Large cap","Financials","$71,605,319,396","1.55%","31.41","1.49","3.98","Analyze"
"TGT","Target Corp","Common stocks","Large cap","Consumer Discretionary","$70,935,676,536","2.42%","11.45","0.66","6.22","Analyze"
"ZTS","Zoetis Inc","Common stocks","Large cap","Health Care","$69,584,116,748","0.82%","32.84","8.82","14.61","Analyze"
"AMAT","Applied Material Inc","Common stocks","Large cap","Information Technology","$68,325,770,721","1.56%","9.53","2.75","5.56","Analyze"
"SO","Southern Co","Common stocks","Large cap","Utilities","$68,085,234,546","4.13%","29.48","2.85","2.07","Analyze"
"ISRG","Intuitive Surgical Inc","Common stocks","Large cap","Health Care","$67,986,828,733","0.00%","32.08","11.51","5.40","Analyze"
"DUK","Duke Energy Corp","Common stocks","Large cap","Utilities","$67,743,543,411","4.44%","18.12","2.60","1.35","Analyze"
"BKNG","Booking Holdings Inc","Common stocks","Large cap","Consumer Discretionary","$67,188,133,428","0.00%","127.56","5.37","15.17","Analyze"
"MMM","3M","Common stocks","Large cap","Industrials","$65,082,944,813","5.13%","11.57","1.84","4.34","Analyze"
"WM","Waste Management Inc","Common stocks","Large cap","Industrials","$65,050,774,827","1.60%","33.52","3.52","8.95","Analyze"
"BDX","Becton Dickinson","Common stocks","Large cap","Health Care","$64,605,248,721","1.51%","35.02","3.23","2.61","Analyze"
"OXY","Occidental Petroleum Corp","Common stocks","Large cap","Energy","$63,728,986,776","0.59%","9.55","2.20","2.51","Analyze"
"HUM","Humana Inc","Common stocks","Large cap","Health Care","$63,297,097,592","0.61%","20.85","0.73","4.13","Analyze"
"GD","General Dynamics Corp","Common stocks","Large cap","Industrials","$62,838,036,389","2.15%","18.50","1.63","3.37","Analyze"
"PNC","PNC Financial Services Group, Inc.","Common stocks","Large cap","Financials","$62,736,668,892","2.75%","12.22","3.19","1.25","Analyze"
"CME","CME Group Inc Class A","Common stocks","Large cap","Financials","$62,699,544,329","2.22%","22.44","13.11","2.23","Analyze"
"SLB","Schlumberger Nv","Common stocks","Large cap","Energy","$62,501,817,386","1.36%","28.50","2.64","3.89","Analyze"
"USB","US Bancorp","Common stocks","Large cap","Financials","$61,466,885,238","4.43%","9.21","2.69","1.24","Analyze"
"PXD","Pioneer Natural Resource","Common stocks","Large cap","Energy","$61,324,504,748","7.84%","13.84","2.93","2.45","Analyze"
"FISV","Fiserv Inc","Common stocks","Large cap","Information Technology","$61,176,242,886","0.00%","35.44","3.68","1.93","Analyze"
"MU","Micron Technology Inc","Common stocks","Large cap","Information Technology","$59,642,068,518","0.78%","6.35","1.91","1.20","Analyze"
"AON","Aon Plc","Common stocks","Large cap","Financials","$59,375,544,296","0.76%","41.85","4.81","48.53","Analyze"
"CL","Colgate-Palmolive","Common stocks","Large cap","Consumer Staples","$59,230,873,414","2.57%","29.11","3.39","185.35","Analyze"
"HCA","HCA Healthcare, Inc.","Common stocks","Large cap","Health Care","$59,127,108,800","1.04%","8.50","0.99","-28.44","Analyze"
"ITW","Illinois Tool Inc","Common stocks","Large cap","Industrials","$59,072,725,860","2.58%","21.46","3.98","16.09","Analyze"
"CSX","CSX Corp","Common stocks","Large cap","Industrials","$58,884,131,240","1.42%","14.86","4.49","4.44","Analyze"
"TFC","Truist Financial Corporation","Common stocks","Large cap","Financials","$58,467,422,262","4.38%","9.46","2.65","0.88","Analyze"
"BSX","Boston Scientific Corp","Common stocks","Large cap","Health Care","$57,683,197,880","0.00%","75.90","4.74","3.42","Analyze"
"ATVI","Activision Blizzard Inc","Common stocks","Large cap","Communication Services","$57,202,258,007","0.64%","22.81","6.89","3.16","Analyze"
"CCI","Crown Castle International Corp.","REITs","Large cap","Real Estate","$56,780,108,296","4.43%","37.89","8.61","6.88","Analyze"
"ETN","Eaton Corporation, PLC","Common stocks","Large cap","Industrials","$55,005,230,000","2.29%","24.12","2.78","3.22","Analyze"
"DG","Dollar General Corp","Common stocks","Large cap","Consumer Discretionary","$54,624,449,895","0.85%","22.24","1.60","8.52","Analyze"
"MPC","Marathon Petroleum Corp","Common stocks","Large cap","Energy","$54,384,925,679","2.11%","4.80","0.40","2.17","Analyze"
"D","Dominion Energy Inc","Common stocks","Large cap","Utilities","$54,145,981,917","4.00%","18.01","3.77","1.84","Analyze"
"KDP","Keurig Dr Pepper Inc.","Common stocks","Large cap","Consumer Staples","$54,008,919,411","1.98%","21.97","4.20","2.07","Analyze"
"MRNA","Moderna, Inc.","Common stocks","Large cap","Health Care","$53,586,162,130","0.00%","3.64","2.37","3.12","Analyze"
"SHW","Sherwin Williams","Common stocks","Large cap","Materials","$53,308,770,341","1.14%","28.64","2.63","23.40","Analyze"
"MET","Metlife Inc","Common stocks","Large cap","Financials","$53,053,554,612","2.97%","7.94","0.80","0.98","Analyze"
"APD","Air Products And Chemicals Inc","Common stocks","Large cap","Materials","$52,785,939,726","2.65%","23.08","4.64","3.70","Analyze"
"CHTR","Charter Communications Inc Class A","Common stocks","Large cap","Communication Services","$52,363,807,911","0.00%","10.29","1.00","4.31","Analyze"
"EW","Edwards Lifesciences Corp","Common stocks","Large cap","Health Care","$52,211,605,187","0.00%","33.21","9.75","8.74","Analyze"
"ICE","Intercontinental Exchange Inc","Common stocks","Large cap","Financials","$51,640,632,066","1.58%","12.37","5.61","2.22","Analyze"
"MCK","Mckesson Corp","Common stocks","Large cap","Health Care","$50,948,134,384","0.55%","45.50","0.19","-22.31","Analyze"
"PSA","Public Storage","REITs","Large cap","Real Estate","$50,769,990,027","2.66%","26.38","14.02","5.10","Analyze"
"NSC","Norfolk Southern Corp","Common stocks","Large cap","Industrials","$50,641,107,892","2.22%","16.52","4.44","3.73","Analyze"
"ADM","Archer-Daniels-Midland Company","Common stocks","Large cap","Consumer Staples","$49,800,289,790","1.75%","15.20","0.55","1.97","Analyze"
"EL","Estee Lauder Inc Class A","Common stocks","Large cap","Consumer Staples","$49,379,556,900","1.12%","14.44","2.73","7.88","Analyze"
"EMR","Emerson Electric","Common stocks","Large cap","Industrials","$47,771,127,000","2.53%","16.13","2.53","4.37","Analyze"
"GM","General Motors","Common stocks","Large cap","Consumer Discretionary","$47,765,683,864","0.27%","5.42","0.37","0.77","Analyze"
"VLO","Valero Energy Corp","Common stocks","Large cap","Energy","$47,615,255,534","3.20%","17.72","0.36","2.39","Analyze"
"EQIX","Equinix, Inc.","REITs","Large cap","Real Estate","$47,587,694,914","2.31%","93.69","7.03","4.21","Analyze"
"MNST","Monster Beverage Corp","Common stocks","Large cap","Consumer Staples","$47,461,845,390","0.00%","33.95","8.16","6.71","Analyze"
"DVN","Devon Energy Corp","Common stocks","Large cap","Energy","$47,309,300,000","4.48%","12.42","3.39","4.79","Analyze"
"GIS","General Mills Inc","Common stocks","Large cap","Consumer Staples","$46,782,479,933","2.64%","20.04","2.51","4.58","Analyze"
"ORLY","Oreilly Automotive Inc","Common stocks","Large cap","Consumer Discretionary","$46,727,633,868","0.00%","21.61","3.45","-141.17","Analyze"
"PSX","Phillips 66","Common stocks","Large cap","Energy","$46,613,851,299","3.84%","17.77","0.37","2.08","Analyze"
"LRCX","Lam Research Corp","Common stocks","Large cap","Information Technology","$46,607,208,582","1.82%","9.49","2.78","7.15","Analyze"
"F","Ford Motor Company","Common stocks","Large cap","Consumer Discretionary","$46,484,266,652","3.78%","3.99","0.34","1.02","Analyze"
"MAR","Marriott International Inc","Common stocks","Large cap","Consumer Discretionary","$46,482,245,493","0.42%","31.33","2.95","26.29","Analyze"
"FIS","Fidelity National Information Services","Common stocks","Large cap","Information Technology","$46,206,370,256","2.35%","50.87","3.27","0.98","Analyze"
"CTVA","Corteva, Inc.","Common stocks","Large cap","Materials","$45,556,915,000","0.90%","24.67","2.83","1.65","Analyze"
"SRE","Sempra Energy","Common stocks","Large cap","Utilities","$44,955,806,643","3.14%","44.83","3.35","7.70","Analyze"
"AZO","Autozone Inc","Common stocks","Large cap","Consumer Discretionary","$44,485,511,493","0.00%","18.24","2.85","-14.01","Analyze"
"MCO","Moodys Corp","Common stocks","Large cap","Financials","$44,375,805,000","1.12%","21.85","7.23","18.03","Analyze"
"SNPS","Synopsys Inc","Common stocks","Large cap","Information Technology","$43,951,307,606","0.00%","42.09","9.24","7.63","Analyze"
"KHC","Kraft Heinz","Common stocks","Large cap","Consumer Staples","$43,846,234,148","4.40%","35.74","1.71","0.88","Analyze"
"AEP","American Electric Power Inc","Common stocks","Large cap","Utilities","$43,554,367,164","3.64%","16.33","2.55","778.71","Analyze"
"LHX","L3Harris Technologies, Inc.","Common stocks","Large cap","Industrials","$43,538,583,812","1.91%","22.56","2.51","2.17","Analyze"
"CMG","Chipotle Mexican Grill Inc","Common stocks","Large cap","Consumer Discretionary","$43,263,983,541","0.00%","61.21","5.53","19.63","Analyze"
"STZ","Constellation Brands Class A","Common stocks","Large cap","Consumer Staples","$43,056,813,199","1.37%","82.87","4.88","3.05","Analyze"
"CNC","Centene Corp","Common stocks","Large cap","Health Care","$43,017,174,244","0.00%","8.51","0.32","1.56","Analyze"
"FCX","Freeport-McMoRan, Inc.","Common stocks","Large cap","Materials","$41,963,376,419","1.27%","7.72","1.71","2.66","Analyze"
"ADSK","Autodesk Inc","Common stocks","Large cap","Information Technology","$41,844,276,455","0.00%","82.44","9.54","48.25","Analyze"
"RSG","Republic Services Inc","Common stocks","Large cap","Industrials","$41,286,164,820","1.43%","29.90","3.54","4.48","Analyze"
"CDNS","Cadence Design Systems Inc","Common stocks","Large cap","Information technology","$41,231,128,500","0.00%","54.27","13.07","14.63","Analyze"
"APH","Amphenol Corp","Common stocks","Large cap","Information Technology","$41,197,797,461","1.15%","23.64","3.60","6.21","Analyze"
"ECL","Ecolab Inc","Common stocks","Large cap","Materials","$41,101,143,578","1.41%","35.88","3.13","5.62","Analyze"
"FDX","FedEx Corporation","Common stocks","Large cap","Industrials","$40,659,342,500","2.42%","7.96","0.44","1.67","Analyze"
"HES","Hess Corp","Common stocks","Large cap","Energy","$39,971,284,365","1.06%","52.43","5.07","6.02","Analyze"
"DXCM","Dexcom Inc","Common stocks","Large cap","Health Care","$39,933,418,255","0.00%","180.64","15.53","17.47","Analyze"
"CTAS","Cintas Corp","Common stocks","Large cap","Industrials","$39,889,033,781","1.01%","32.08","5.24","11.76","Analyze"
"KMI","Kinder Morgan Inc","Common stocks","Large cap","Energy","$39,742,934,694","6.07%","37.17","2.53","1.26","Analyze"
"PAYX","Paychex Inc","Common stocks","Large cap","Information Technology","$39,741,374,493","2.61%","28.95","8.84","11.98","Analyze"
"KLAC","KLA-Tencor Corporation","Common stocks","Large cap","Information Technology","$39,499,149,069","1.59%","11.87","4.57","9.16","Analyze"
"TRV","Travelers Companies Inc","Common stocks","Large cap","Financials","$39,277,694,326","2.17%","9.87","1.11","1.52","Analyze"
"ROP","Roper Technologies Inc","Common stocks","Large cap","Information Technology","$39,276,572,361","0.67%","13.35","6.45","2.84","Analyze"
"BIIB","Biogen Inc","Common stocks","Large cap","Health Care","$39,171,815,907","0.00%","26.49","3.62","3.42","Analyze"
"FTNT","Fortinet Inc","Common stocks","Large cap","Information Technology","$38,795,221,687","0.00%","59.49","10.82","174.33","Analyze"
"AIG","American International Group Inc","Common stocks","Large cap","Financials","$38,735,598,324","2.49%","3.96","0.73","0.69","Analyze"
"KMB","Kimberly Clark Corp","Common stocks","Large cap","Consumer Staples","$38,684,761,759","3.98%","21.80","1.95","54.22","Analyze"
"TWTR","Twitter Inc","Common stocks","Large cap","Communication Services","$38,522,491,292","0.00%","172.45","7.35","6.54","Analyze"
"A","Agilent Technologies Inc","Common stocks","Large cap","Health Care","$37,863,588,903","0.66%","30.88","5.87","7.22","Analyze"
"SYY","Sysco Corp","Common stocks","Large cap","Consumer Staples","$37,738,261,632","2.56%","37.37","0.57","28.28","Analyze"
"AFL","Aflac Inc","Common stocks","Large cap","Financials","$37,719,094,572","2.54%","9.19","1.77","1.27","Analyze"
"MSI","Motorola Solutions Inc","Common stocks","Large cap","Information Technology","$37,703,722,862","1.39%","28.14","4.55","-112.91","Analyze"
"NXPI","NXP Semiconductors Nv","Common stocks","Large cap","Information Technology","$37,596,223,093","2.15%","23.89","3.23","5.57","Analyze"
"AJG","Arthur J Gallagher","Common stocks","Large cap","Financials","$37,578,629,760","1.12%","37.19","4.44","3.99","Analyze"
"COF","Capital One Financial Corp","Common stocks","Large cap","Financials","$37,545,049,468","2.43%","3.31","1.19","0.65","Analyze"
"WMB","Williams Inc","Common stocks","Large cap","Energy","$37,055,501,010","5.44%","24.41","3.39","3.17","Analyze"
"EXC","Exelon Corp","Common stocks","Large cap","Utilities","$36,502,988,792","3.42%","13.84","1.15","1.53","Analyze"
"ALL","Allstate Corp","Common stocks","Large cap","Financials","$36,479,092,556","2.47%","10.16","0.73","1.54","Analyze"
"JCI","Johnson Controls International Plc","Common stocks","Large cap","Industrials","$36,121,211,975","2.62%","28.36","1.46","2.12","Analyze"
"TEL","TE Connectivity Ltd","Common stocks","Large cap","Information Technology","$35,649,251,373","1.89%","13.76","2.30","3.29","Analyze"
"PRU","Prudential Financial Inc","Common stocks","Large cap","Financials","$35,377,200,000","4.91%","7.30","0.53","0.80","Analyze"
"PCG","Pacific Gas & Electric Co.","Common stocks","Large cap","Utilities","$35,280,043,001","0.00%","134.77","1.62","1.59","Analyze"
"O","Realty Income Corporation","REITs","Large cap","Real Estate","$34,621,982,510","5.04%","72.18","14.16","1.31","Analyze"
"TT","Trane Technologies plc","Common stocks","Large cap","Industrials","$34,074,038,229","1.76%","22.72","2.35","5.49","Analyze"
"HLT","Hilton Worldwide Holdings Inc","Common stocks","Large cap","Consumer Discretionary","$33,764,777,832","0.24%","46.06","5.09","-48.17","Analyze"
"EA","Electronic Arts Inc","Common stocks","Large cap","Communication Services","$33,704,654,297","0.59%","42.42","4.82","4.39","Analyze"
"ENPH","Enphase Energy Inc","Common stocks","Large cap","Information Technology","$33,688,224,293","0.00%","194.61","22.14","97.35","Analyze"
"MTB","M&T Bank Corp","Common stocks","Large cap","Financials","$33,594,123,338","2.55%","19.72","5.65","1.86","Analyze"
"HSY","Hershey Foods","Common stocks","Large cap","Consumer Staples","$33,456,906,726","1.63%","20.25","3.58","11.22","Analyze"
"KR","Kroger","Common stocks","Large cap","Consumer Staples","$33,335,100,276","1.90%","28.37","0.00","3.27","Analyze"
"PH","Parker-Hannifin Corp","Common stocks","Large cap","Industrials","$33,291,906,370","1.81%","19.30","2.13","3.65","Analyze"
"NEM","Newmont Corporation","Common stocks","Large cap","Materials","$33,032,981,786","5.20%","30.65","2.67","1.51","Analyze"
"DOW","Dow Inc.","Common stocks","Large cap","Materials","$32,978,250,544","5.99%","4.70","0.57","1.72","Analyze"
"IQV","IQVIA Holdings, Inc.","Common stocks","Large cap","Health Care","$32,864,562,345","0.00%","29.97","2.34","5.46","Analyze"
"MCHP","Microchip Technology Inc","Common stocks","Large cap","Information Technology","$32,839,660,372","1.78%","24.63","4.81","5.37","Analyze"
"MSCI","MSCI Inc","Common stocks","Large cap","Financials","$32,690,633,875","1.07%","41.31","15.38","-35.59","Analyze"
"XEL","Xcel Energy Inc","Common stocks","Large cap","Utilities","$32,677,262,054","3.18%","19.94","2.40","2.05","Analyze"
"NUE","Nucor Corp","Common stocks","Large cap","Materials","$32,461,393,196","1.60%","3.89","0.81","2.04","Analyze"
"ILMN","Illumina Inc","Common stocks","Large cap","Health Care","$31,834,744,000","0.00%","44.73","6.84","2.87","Analyze"
"BK","Bank Of New York Mellon Corp","Common stocks","Large cap","Financials","$31,685,727,374","3.50%","9.15","2.03","0.74","Analyze"
"CMI","Cummins Inc","Common stocks","Large cap","Industrials","$31,630,217,742","2.61%","15.89","1.30","3.66","Analyze"
"ANET","Arista Networks Inc","Common stocks","Large cap","Information Technology","$31,617,782,391","0.00%","32.74","10.01","7.35","Analyze"
"BF.B","Brown Forman Inc Class B","Common stocks","Large cap","Consumer Staples","$31,555,373,369","1.14%","24.54","8.42","7.86","Analyze"
"DLTR","Dollar Tree Inc","Common stocks","Large cap","Consumer Discretionary","$31,467,622,322","0.00%","21.46","1.20","3.95","Analyze"
"RMD","Resmed Inc","Common stocks","Large cap","Health Care","$31,456,474,329","0.79%","39.79","9.15","9.46","Analyze"
"PCAR","Paccar Inc","Common stocks","Large cap","Industrials","$31,374,933,953","1.49%","15.39","1.30","2.53","Analyze"
"SPG","Simon Property Group, Inc","REITs","Large cap","Real Estate","$31,370,115,040","6.88%","14.09","6.06","9.64","Analyze"
"YUM","Yum Brands Inc","Common stocks","Large cap","Consumer Discretionary","$31,208,618,548","2.00%","18.43","4.70","-3.58","Analyze"
"CTSH","Cognizant Technology Solutions","Common stocks","Large cap","Information Technology","$30,523,421,447","1.77%","13.82","1.61","2.53","Analyze"
"GPN","Global Payments Inc","Common stocks","Large cap","Information Technology","$30,485,146,051","0.91%","30.10","3.51","1.21","Analyze"
"WBD","Warner Bros. Discovery, Inc. - Series A","Common stocks","Large cap","Communication Services","$30,344,910,763","0.00%","24.28","2.42","2.52","Analyze"
"ODFL","Old Dominion Freight Line Inc","Common stocks","Large cap","Industrials","$30,016,873,863","0.41%","25.56","5.33","8.28","Analyze"
"ALB","Albemarle Corp","Common stocks","Large cap","Materials","$29,984,963,328","0.61%","98.85","8.27","4.77","Analyze"
"AMP","Ameriprise Finance Inc","Common stocks","Large cap","Financials","$29,713,068,893","1.72%","9.04","2.15","5.57","Analyze"
"ROST","Ross Stores Inc","Common stocks","Large cap","Consumer Discretionary","$29,656,516,516","1.41%","24.86","1.56","6.96","Analyze"
"VICI","VICI Properties Inc","REITs","Large cap","Real Estate","$29,586,229,985","4.70%","29.01","19.06","1.85","Analyze"
"ABC","AmerisourceBergen Corp","Common stocks","Large cap","Health Care","$29,441,011,969","1.29%","16.87","0.13","52.95","Analyze"
"CARR","Carrier Global Corporation","Common stocks","Large cap","Industrials","$29,329,183,442","1.63%","10.94","1.43","4.10","Analyze"
"ED","Consolidated Edison Inc","Common stocks","Large cap","Utilities","$29,128,918,365","3.78%","19.00","2.07","1.43","Analyze"
"WBA","Walgreen Boots Alliance Inc","Common stocks","Large cap","Consumer Staples","$29,082,236,306","5.59%","4.57","0.21","1.08","Analyze"
"NDAQ","Nasdaq Inc","Common stocks","Large cap","Financials","$28,761,516,500","1.29%","22.95","4.98","4.47","Analyze"
"CSGP","Costar Group Inc","Common stocks","Large cap","Industrials","$28,377,695,290","0.00%","90.47","14.17","4.80","Analyze"
"TDG","Transdigm Group Inc","Common stocks","Large cap","Industrials","$28,294,762,382","0.00%","31.41","5.64","-9.62","Analyze"
"BAX","Baxter International Inc","Common stocks","Large cap","Health Care","$28,242,489,290","2.02%","25.97","2.09","3.02","Analyze"
"HAL","Halliburton","Common stocks","Large cap","Energy","$28,215,038,137","1.30%","17.21","1.75","3.80","Analyze"
"KEYS","Keysight Technologies Inc","Common stocks","Large cap","Information Technology","$28,069,227,212","0.00%","26.96","5.46","7.30","Analyze"
"IDXX","Idexx Laboratories Inc","Common stocks","Large cap","Health Care","$27,908,306,990","0.00%","36.79","8.52","42.24","Analyze"
"PEG","Public Service Enterprise Group Inc","Common stocks","Large cap","Utilities","$27,422,341,951","3.83%","-20.68","3.00","1.97","Analyze"
"CEG","Constellation Energy Corporation","Common stocks","Large cap","Utilities","$27,396,169,526","0.50%","-42.43","1.30","2.39","Analyze"
"OTIS","Otis Worldwide Corporation","Common stocks","Large cap","Industrials","$27,319,257,226","1.62%","21.57","1.91","-5.36","Analyze"
"LVS","Las Vegas Sands Corp","Common stocks","Large cap","Consumer Discretionary","$27,318,579,896","0.00%","14.57","6.86","5.94","Analyze"
"SBAC","SBA Communications Corporation","REITs","Large cap","Real Estate","$26,942,616,164","1.08%","59.63","11.32","-4.81","Analyze"
"FAST","Fastenal","Common stocks","Large cap","Industrials","$26,889,220,912","2.56%","25.62","4.27","8.02","Analyze"
"WELL","Welltower Inc","REITs","Large cap","Real Estate","$26,861,273,188","2.05%","80.42","5.31","1.47","Analyze"
"ROK","Rockwell Automation Inc","Common stocks","Large cap","Industrials","$26,778,698,524","1.92%","40.08","3.66","9.82","Analyze"
"WEC","WEC Energy Group Inc","Common stocks","Large cap","Utilities","$26,723,613,466","3.34%","19.61","3.13","2.36","Analyze"
"DD","DuPont de Nemours, Inc.","Common stocks","Large cap","Materials","$26,703,080,982","2.40%","16.72","1.67","1.00","Analyze"
"VRSK","Verisk Analytics Inc","Common stocks","Large cap","Industrials","$26,642,382,762","0.72%","26.10","8.74","9.85","Analyze"
"AME","Ametek Inc","Common stocks","Large cap","Industrials","$26,585,168,993","0.74%","24.92","4.59","3.75","Analyze"
"DLR","Digital Realty Trust, Inc","REITs","Large cap","Real Estate","$26,470,262,248","5.16%","19.03","5.93","1.48","Analyze"
"PPG","PPG Industries Inc","Common stocks","Large cap","Materials","$26,371,405,086","2.12%","24.03","1.53","4.17","Analyze"
"GWW","W.W. Grainger Inc","Common stocks","Large cap","Industrials","$26,371,118,776","1.28%","21.77","1.94","12.25","Analyze"
"CPRT","Copart Inc","Common stocks","Large cap","Industrials","$26,314,793,808","0.00%","23.72","7.82","5.90","Analyze"
"ON","ON Semiconductor Corp","Common stocks","Large cap","Information Technology","$26,267,122,811","0.00%","17.26","3.65","5.01","Analyze"
"HPQ","HP Inc","Common stocks","Large cap","Information Technology","$26,174,528,331","3.80%","3.92","0.40","-10.99","Analyze"
"LYB","Lyondellbasell Industries NV","Common stocks","Large cap","Materials","$26,096,480,240","5.60%","4.33","0.52","2.00","Analyze"
"GLW","Corning Inc","Common stocks","Large cap","Information Technology","$25,849,828,844","3.40%","23.53","1.79","2.06","Analyze"
"DFS","Discover Financial Services","Common stocks","Large cap","Financials","$25,702,688,746","2.32%","4.97","2.11","1.85","Analyze"
"ES","Eversource Energy","Common stocks","Large cap","Utilities","$25,553,658,988","3.37%","19.37","2.43","1.69","Analyze"
"MTD","Mettler Toledo Inc","Common stocks","Large cap","Health Care","$25,469,155,074","0.00%","31.69","6.68","297.28","Analyze"
"FANG","Diamondback Energy Inc","Common stocks","Large cap","Energy","$25,197,517,342","1.73%","8.82","3.14","1.90","Analyze"
"HRL","Hormel Foods Corp","Common stocks","Large cap","Consumer Staples","$25,114,165,832","2.21%","26.47","2.10","3.45","Analyze"
"OKE","Oneok Inc","Common stocks","Large cap","Energy","$24,881,288,799","6.57%","16.07","1.32","4.03","Analyze"
"K","Kellogg","Common stocks","Large cap","Consumer Staples","$24,879,272,899","3.16%","15.88","1.74","6.45","Analyze"
"AVB","AvalonBay Communities, Inc","REITs","Large cap","Real Estate","$24,592,064,252","3.57%","21.09","10.43","2.16","Analyze"
"DHI","D R Horton Inc","Common stocks","Large cap","Consumer Discretionary","$24,549,567,057","1.27%","4.74","0.81","1.42","Analyze"
"CTRA","Coterra Energy Inc.","Common stocks","Large cap","Energy","$24,233,829,091","1.86%","13.79","5.19","1.93","Analyze"
"FRC","First Republic Bank","Common stocks","Large cap","Financials","$24,203,814,846","0.73%","14.18","4.64","1.25","Analyze"
"BKR","Baker Hughes Company Class A","Common stocks","Large cap","Energy","$24,160,693,233","0.74%","75.75","1.17","1.48","Analyze"
"EQR","Equity Residential","REITs","Large cap","Real Estate","$24,049,001,544","3.83%","17.32","9.54","2.15","Analyze"
"FITB","Fifth Third Bancorp","Common stocks","Large cap","Financials","$23,570,610,974","3.53%","9.50","3.34","1.15","Analyze"
"AWK","American Water Works Inc","Common stocks","Large cap","Utilities","$23,446,819,288","1.94%","18.13","6.04","3.13","Analyze"
"STT","State Street Corp","Common stocks","Large cap","Financials","$23,343,829,297","3.64%","8.43","2.06","0.86","Analyze"
"TROW","T Rowe Price Group Inc","Common stocks","Large cap","Financials","$23,011,518,697","4.52%","7.76","2.99","2.45","Analyze"
"RJF","Raymond James Inc","Common stocks","Large cap","Financials","$22,989,678,254","1.27%","14.43","2.20","2.52","Analyze"
"ZBH","Zimmer Biomet Holdings Inc","Common stocks","Large cap","Health Care","$22,960,553,138","0.87%","55.86","3.00","1.87","Analyze"
"IT","Gartner Inc","Common stocks","Large cap","Information Technology","$22,901,638,455","0.00%","27.45","4.68","186.32","Analyze"
"WTW","Willis Towers Watson Public Limited Company","Common stocks","Large cap","Financials","$22,769,469,268","1.57%","5.13","2.50","2.02","Analyze"
"APTV","Aptiv Plc","Common stocks","Large cap","Consumer Discretionary","$22,606,476,382","0.00%","68.70","1.43","2.63","Analyze"
"TSCO","Tractor Supply","Common stocks","Large cap","Consumer Discretionary","$22,521,917,855","1.61%","21.99","1.74","12.32","Analyze"
"IFF","International Flavors & Fragrances","Common stocks","Large cap","Materials","$22,381,804,592","3.58%","40.22","1.80","1.07","Analyze"
"EXR","Extra Space Storage Inc","REITs","Large cap","Real Estate","$22,335,188,484","3.41%","26.00","13.44","6.71","Analyze"
"CBRE","CBRE Group Inc","Common stocks","Large cap","Real Estate","$22,292,512,080","0.00%","11.05","0.77","2.56","Analyze"
"GPC","Genuine Parts","Common stocks","Large cap","Consumer Discretionary","$22,139,600,600","2.22%","23.57","1.12","6.08","Analyze"
"WY","Weyerhaeuser Company","REITs","Large cap","Real Estate","$22,061,387,000","2.35%","7.96","2.04","2.10","Analyze"
"ARE","Alexandria Real Estate Equities, Inc","REITs","Large cap","Real Estate","$21,970,610,652","3.42%","53.27","9.77","1.27","Analyze"
"EIX","Edison International","Common stocks","Large cap","Utilities","$21,703,479,947","4.84%","35.94","1.36","1.33","Analyze"
"LEN","Lennar Corporation Class A","Common stocks","Large cap","Consumer Discretionary","$21,612,517,365","1.96%","4.76","0.77","0.91","Analyze"
"HIG","Hartford Financial Services Group","Common stocks","Large cap","Financials","$21,495,430,985","2.30%","8.22","1.00","1.32","Analyze"
"FTV","Fortive Corp","Common stocks","Large cap","Industrials","$21,448,531,030","0.46%","32.49","3.99","2.19","Analyze"
"CDW","CDW Corp","Common stocks","Large cap","Information Technology","$21,333,421,031","1.26%","20.69","0.97","23.31","Analyze"
"CF","CF Industries Holdings Inc","Common stocks","Large cap","Materials","$21,326,855,061","1.30%","11.85","2.55","4.88","Analyze"
"FE","Firstenergy Corp","Common stocks","Large cap","Utilities","$21,210,192,979","4.14%","16.72","1.86","2.36","Analyze"
"EBAY","Ebay Inc","Common stocks","Large cap","Consumer Discretionary","$20,854,003,017","2.20%","1.75","2.03","2.89","Analyze"
"MOH","Molina Healthcare Inc","Common stocks","Large cap","Health Care","$20,752,739,000","0.00%","29.67","0.72","7.32","Analyze"
"VMC","Vulcan Materials","Common stocks","Large cap","Materials","$20,635,533,301","1.01%","32.66","3.43","3.00","Analyze"
"DTE","DTE Energy","Common stocks","Large cap","Utilities","$20,634,861,834","3.29%","22.42","1.28","2.28","Analyze"
"ETR","Entergy Corp","Common stocks","Large cap","Utilities","$20,455,713,577","3.97%","19.19","1.74","1.73","Analyze"
"ULTA","Ulta Beauty Inc","Common stocks","Large cap","Consumer Discretionary","$20,431,743,337","0.00%","20.48","2.37","13.15","Analyze"
"SIVB","SVB Financial Group","Common stocks","Large cap","Financials","$20,387,530,986","0.00%","10.98","3.63","1.17","Analyze"
"EFX","Equifax Inc","Common stocks","Large cap","Industrials","$20,187,468,120","0.94%","25.47","3.98","5.08","Analyze"
"MKC","McCormick & Co  Non-voting","Common stocks","Large cap","Consumer Staples","$20,151,084,485","1.96%","24.62","3.17","4.01","Analyze"
"MRO","Marathon Oil Corp","Common stocks","Large cap","Energy","$20,048,882,035","1.02%","8.89","3.24","1.68","Analyze"
"HBAN","Huntington Bancshares Inc","Common stocks","Large cap","Financials","$20,032,079,438","4.39%","18.19","3.20","1.07","Analyze"
"AEE","Ameren Corp","Common stocks","Large cap","Utilities","$19,943,627,000","2.99%","19.53","2.97","2.01","Analyze"
"INVH","Invitation Homes Inc","REITs","Large cap","Real Estate","$19,830,593,443","2.53%","65.11","9.66","1.89","Analyze"
"URI","United Rentals Inc","Common stocks","Large cap","Industrials","$19,830,353,173","0.00%","12.51","1.95","3.19","Analyze"
"TTWO","Take Two Interactive Software Inc","Common stocks","Large cap","Communication Services","$19,812,856,483","0.00%","46.98","5.65","5.16","Analyze"
"PFG","Principal Financial Group Inc","Common stocks","Large cap","Financials","$19,634,917,251","3.21%","12.16","1.39","1.60","Analyze"
"MLM","Martin Marietta Materials Inc","Common stocks","Large cap","Materials","$19,604,589,581","0.79%","28.31","3.46","2.90","Analyze"
"RF","Regions Financial Corp","Common stocks","Large cap","Financials","$19,510,195,266","3.36%","8.37","3.35","1.14","Analyze"
"DAL","Delta Air Lines Inc","Common stocks","Large cap","Industrials","$19,479,592,749","0.00%","38.62","0.56","6.66","Analyze"
"LH","Laboratory Corporation Of America","Common stocks","Large cap","Health Care","$19,401,183,000","0.69%","9.21","1.22","1.80","Analyze"
"LUV","Southwest Airlines","Common stocks","Large cap","Industrials","$19,242,345,721","0.00%","33.28","1.04","1.87","Analyze"
"VRSN","Verisign Inc","Common stocks","Large cap","Information Technology","$18,973,041,878","0.00%","23.58","14.05","-14.53","Analyze"
"WRB","WR Berkley Corp","Common stocks","Large cap","Financials","$18,964,365,340","0.52%","13.44","1.85","2.71","Analyze"
"TSN","Tyson Foods Inc Class A","Common stocks","Large cap","Consumer Staples","$18,955,430,687","2.80%","4.63","0.37","0.99","Analyze"
"EPAM","Epam Systems Inc","Common stocks","Large cap","Information Technology","$18,941,005,023","0.00%","40.57","4.57","7.35","Analyze"
"IR","Ingersoll Rand Plc","Common stocks","Large cap","Industrials","$18,864,841,610","0.17%","14.94","3.52","2.02","Analyze"
"MOS","Mosaic","Common stocks","Large cap","Materials","$18,823,652,224","0.93%","6.39","1.35","1.46","Analyze"
"PAYC","Paycom Software Inc","Common stocks","Large cap","Information Technology","$18,814,658,517","0.00%","80.31","16.55","17.77","Analyze"
"PWR","Quanta Services Inc","Common stocks","Large cap","Industrials","$18,623,019,231","0.21%","36.71","1.31","3.44","Analyze"
"WST","West Pharmaceutical Services Inc","Common stocks","Large cap","Health Care","$18,468,308,438","0.29%","26.78","6.41","7.88","Analyze"
"NTRS","Northern Trust Corporation","Common stocks","Large cap","Financials","$18,177,556,489","3.23%","11.61","2.85","1.54","Analyze"
"PPL","PPL Corporation","Common stocks","Large cap","Utilities","$18,161,678,251","4.26%","28.49","2.99","1.30","Analyze"
"CAH","Cardinal Health Inc","Common stocks","Large cap","Health Care","$18,044,866,095","2.83%","-18.68","0.10","-25.59","Analyze"
"LYV","Live Nation Entertainment Inc","Common stocks","Large cap","Communication Services","$17,924,003,885","0.00%","-38.86","2.30","-33.66","Analyze"
"CFG","Citizens Financial Group Inc","Common stocks","Large cap","Financials","$17,907,596,078","4.34%","8.82","2.70","0.80","Analyze"
"ANSS","Ansys Inc","Common stocks","Large cap","Information Technology","$17,907,412,331","0.00%","39.04","9.10","4.05","Analyze"
"CHD","Church And Dwight Inc","Common stocks","Large cap","Consumer Staples","$17,759,103,748","1.42%","21.71","3.38","5.18","Analyze"
"ROL","Rollins Inc","Common stocks","Large cap","Industrials","$17,756,568,992","1.10%","52.18","7.16","15.57","Analyze"
"BRO","Brown & Brown Inc","Common stocks","Large cap","Financials","$17,670,339,069","0.65%","27.65","5.63","3.88","Analyze"
"J","Jacobs Engineering Group Inc.","Common stocks","Large cap","Industrials","$17,485,555,712","0.68%","0.00","1.22","0.00","Analyze"
"DOV","Dover Corp","Common stocks","Large cap","Industrials","$17,467,080,284","1.64%","15.36","2.16","3.96","Analyze"
"JBHT","JB Hunt Transport Services Inc","Common stocks","Large cap","Industrials","$17,255,820,629","0.90%","19.76","1.32","5.21","Analyze"
"STE","STERIS PLC","Common stocks","Large cap","Health Care","$16,949,480,871","1.04%","68.01","3.70","2.53","Analyze"
"MAA","Mid-America Apartment Communities, Inc","REITs","Large cap","Real Estate","$16,918,715,218","3.15%","27.69","9.25","2.78","Analyze"
"BR","Broadridge Financial Solutions Inc","Common stocks","Large cap","Information Technology","$16,789,155,055","1.84%","29.68","3.04","8.99","Analyze"
"FOX","Fox Corporation Class B","Common stocks","Large cap","Communication Services","$16,777,553,661","1.66%","6.11","1.21","0.63","Analyze"
"FOXA","Fox Corporation Class A","Common stocks","Large cap","Communication Services","$16,777,553,661","1.54%","8.36","1.21","0.86","Analyze"
"ALGN","Align Technology Inc","Common stocks","Large cap","Health Care","$16,583,148,757","0.00%","22.31","4.11","4.30","Analyze"
"WAT","Waters Corp","Common stocks","Large cap","Health Care","$16,573,055,620","0.00%","23.13","5.78","43.47","Analyze"
"HPE","Hewlett Packard Enterprise","Common stocks","Large cap","Information Technology","$16,508,372,496","3.69%","4.36","0.59","0.80","Analyze"
"CAG","Conagra Brands Inc","Common stocks","Large cap","Consumer Staples","$16,476,787,141","3.64%","15.82","1.45","1.87","Analyze"
"AMCR","Amcor plc","Common stocks","Large cap","Materials","$16,468,556,289","4.29%","16.95","1.17","3.57","Analyze"
"CNP","Centerpoint Energy Inc","Common stocks","Large cap","Utilities","$16,398,550,832","2.63%","10.34","1.91","1.64","Analyze"
"EQT","EQT Corporation","Common stocks","Large cap","Energy","$16,392,041,885","0.90%","-5.77","2.95","1.86","Analyze"
"AES","AES Corp","Common stocks","Large cap","Utilities","$16,297,580,133","2.53%","-106.64","1.43","5.11","Analyze"
"DRI","Darden Restaurants Inc","Common stocks","Large cap","Consumer Discretionary","$16,273,807,235","3.43%","15.31","1.75","6.96","Analyze"
"CINF","Cincinnati Financial Corp","Common stocks","Large cap","Financials","$16,142,824,534","2.64%","7.68","1.87","1.30","Analyze"
"CLX","Clorox","Common stocks","Large cap","Consumer Staples","$16,134,926,345","3.52%","35.36","2.27","40.49","Analyze"
"TDY","Teledyne Technologies Inc","Common stocks","Large cap","Information Technology","$15,992,090,777","0.00%","27.07","3.12","1.98","Analyze"
"XYL","Xylem Inc","Common stocks","Large cap","Industrials","$15,917,257,120","1.33%","36.80","3.05","4.86","Analyze"
"HOLX","Hologic Inc","Common stocks","Large cap","Health Care","$15,828,008,632","0.00%","10.06","2.94","3.26","Analyze"
"CMS","CMS Energy Corp","Common stocks","Large cap","Utilities","$15,821,463,839","3.30%","15.71","2.06","1.60","Analyze"
"WAB","Westinghouse Air Brake Technologies","Common stocks","Large cap","Industrials","$15,634,639,354","0.66%","25.85","1.97","1.53","Analyze"
"SYF","Synchrony Financial","Common stocks","Large cap","Financials","$15,599,357,230","2.72%","3.70","1.00","1.10","Analyze"
"KEY","Keycorp","Common stocks","Large cap","Financials","$15,581,588,221","4.60%","6.55","2.23","1.00","Analyze"
"FDS","Factset Research Systems Inc","Common stocks","Large cap","Financials","$15,535,952,357","0.83%","35.74","9.32","12.32","Analyze"
"MPWR","Monolithic Power Systems Inc","Common stocks","Large cap","Information Technology","$15,532,076,440","0.86%","52.38","11.67","10.91","Analyze"
"GRMN","Garmin Ltd","Common stocks","Large cap","Consumer Discretionary","$15,511,338,347","1.63%","14.27","3.05","2.45","Analyze"
"TRGP","Targa Resources Corp","Common stocks","Large cap","Energy","$15,491,995,901","1.67%","-115.43","0.85","8.67","Analyze"
"IEX","IDEX Corp","Common stocks","Large cap","Industrials","$15,382,683,055","1.14%","31.21","5.37","5.13","Analyze"
"BALL","Ball Corporation","Common stocks","Large cap","Materials","$15,382,206,505","1.63%","13.27","1.07","3.83","Analyze"
"PKI","Perkinelmer Inc","Common stocks","Large cap","Health Care","$15,297,079,773","0.23%","20.78","3.05","2.11","Analyze"
"INCY","Incyte Corp","Common stocks","Large cap","Health Care","$15,218,704,047","0.00%","16.47","4.89","3.98","Analyze"
"SJM","J.M. Smucker","Common stocks","Large cap","Consumer Staples","$15,167,372,487","2.77%","26.06","1.92","1.82","Analyze"
"CPB","Campbell Soup","Common stocks","Large cap","Consumer Staples","$15,153,826,485","2.89%","16.37","1.83","4.50","Analyze"
"EXPD","Expeditors International Of Washington","Common stocks","Large cap","Industrials","$15,131,400,337","1.39%","10.24","0.84","3.93","Analyze"
"ESS","Essex Property Trust, Inc","REITs","Large cap","Real Estate","$14,926,502,166","3.75%","36.86","10.17","2.43","Analyze"
"VTR","Ventas, Inc","REITs","Large cap","Real Estate","$14,909,286,060","4.76%","99.38","3.79","1.35","Analyze"
"FMC","FMC Corp","Common stocks","Large cap","Materials","$14,676,774,024","1.81%","18.34","2.82","4.56","Analyze"
"DGX","Quest Diagnostics Inc","Common stocks","Large cap","Health Care","$14,658,577,219","2.06%","7.84","1.37","2.31","Analyze"
"BBY","Best Buy Inc","Common stocks","Large cap","Consumer Discretionary","$14,523,188,360","5.09%","8.29","0.00","4.72","Analyze"
"ATO","Atmos Energy Corp","Common stocks","Large cap","Utilities","$14,193,434,000","2.66%","18.92","3.74","1.53","Analyze"
"NTAP","NetApp Inc","Common stocks","Large cap","Information Technology","$13,935,315,348","3.09%","13.40","2.25","15.38","Analyze"
"EXPE","Expedia Inc","Common stocks","Large cap","Consumer Discretionary","$13,906,655,171","0.00%","63.83","1.45","6.60","Analyze"
"OMC","Omnicom Group Inc","Common stocks","Large cap","Communication Services","$13,902,678,257","4.06%","11.00","0.97","4.55","Analyze"
"ZBRA","Zebra Technologies Corp","Common stocks","Large cap","Information Technology","$13,893,687,472","0.00%","16.26","2.43","4.56","Analyze"
"LKQ","LKQ Corp","Common stocks","Large cap","Consumer Discretionary","$13,856,693,889","1.97%","12.40","1.04","2.35","Analyze"
"APA","Apache Corp","Common stocks","Large cap","Energy","$13,668,556,349","1.04%","5.24","1.56","13.99","Analyze"
"HWM","Howmet Aerospace Inc.","Common stocks","Large cap","Industrials","$13,662,605,262","0.24%","43.69","2.69","3.88","Analyze"
"AVY","Avery Dennison Corp","Common stocks","Large cap","Materials","$13,516,190,740","1.72%","18.56","1.55","7.00","Analyze"
"TYL","Tyler Technologies Inc","Common stocks","Large cap","Information Technology","$13,503,583,357","0.00%","79.85","7.70","5.50","Analyze"
"JKHY","Jack Henry & Associates, Inc.","Common stocks","Large cap","Information Technology","$13,500,100,493","1.04%","37.20","7.07","10.06","Analyze"
"SWKS","Skyworks Solutions Inc","Common stocks","Large cap","Information Technology","$13,445,340,693","2.72%","9.45","2.65","2.49","Analyze"
"CTLT","Catalent Inc","Common stocks","Large cap","Health Care","$13,339,283,284","0.00%","26.75","2.84","2.80","Analyze"
"IRM","Iron Mountain Incorporated","REITs","Large cap","Real Estate","$13,301,907,210","5.31%","28.70","2.86","16.93","Analyze"
"NVR","NVR, Inc.","Common stocks","Large cap","Consumer Discretionary","$13,252,381,218","0.00%","9.16","1.43","4.75","Analyze"
"TRMB","Trimble Inc","Common stocks","Large cap","Information Technology","$13,244,718,715","0.00%","26.51","3.52","3.25","Analyze"
"TXT","Textron Inc","Common stocks","Large cap","Industrials","$13,062,075,497","0.13%","16.97","1.05","1.86","Analyze"
"EVRG","Evergy Inc","Common stocks","Large cap","Utilities","$13,052,916,083","3.98%","15.93","2.51","1.40","Analyze"
"L","Loews Corp","Common stocks","Large cap","Financials","$12,929,234,425","0.47%","7.72","0.95","0.77","Analyze"
"AKAM","Akamai Technologies Inc","Common stocks","Large cap","Information Technology","$12,789,691,726","0.00%","20.67","3.63","2.96","Analyze"
"FLT","Fleetcor Technologies Inc","Common stocks","Large cap","Information Technology","$12,786,774,448","0.00%","14.37","4.24","4.32","Analyze"
"POOL","Pool Corp","Common stocks","Large cap","Consumer Discretionary","$12,736,701,577","1.12%","16.62","2.26","10.35","Analyze"
"CBOE","Cboe Global Markets, Inc.","Common stocks","Large cap","Financials","$12,734,893,877","1.61%","24.63","3.68","3.45","Analyze"
"PTC","PTC Inc","Common stocks","Large cap","Information Technology","$12,706,338,216","0.00%","25.84","6.76","5.95","Analyze"
"UDR","UDR, Inc","REITs","Large cap","Real Estate","$12,685,004,656","3.80%","78.24","9.42","3.61","Analyze"
"COO","Cooper Companies, Inc.","Common stocks","Large cap","Health Care","$12,595,069,211","0.02%","13.07","4.16","1.77","Analyze"
"MTCH","Match Group Inc","Common stocks","Large cap","Communication Services","$12,573,088,062","0.00%","41.31","4.04","-95.82","Analyze"
"PARA","Paramount Global - Class B","Common stocks","Large cap","Communication Services","$12,552,489,515","4.97%","2.81","0.44","0.50","Analyze"
"LDOS","Leidos Holdings Inc","Common stocks","Large cap","Industrials","$12,440,217,437","1.57%","32.39","0.00","3.06","Analyze"
"LNT","Alliant Energy Corp","Common stocks","Large cap","Utilities","$12,418,339,222","3.37%","18.06","3.24","2.02","Analyze"
"NDSN","Nordson Corp","Common stocks","Large cap","Industrials","$12,302,015,961","1.01%","24.22","5.03","5.43","Analyze"
"PEAK","Healthpeak Properties, Inc.","REITs","Large cap","Real Estate","$12,264,686,086","5.20%","28.04","6.32","1.88","Analyze"
"LW","Lamb Weston Holdings Inc","Common stocks","Large cap","Consumer Staples","$12,204,077,659","1.14%","51.54","3.09","30.79","Analyze"
"ETSY","Etsy Inc","Common stocks","Large cap","Consumer Discretionary","$12,194,968,959","0.00%","26.86","5.17","17.29","Analyze"
"CPT","Camden Property Trust","REITs","Large cap","Real Estate","$12,187,877,175","3.16%","33.38","10.26","2.80","Analyze"
"NLOK","NortonLifeLock Inc.","Common stocks","Large cap","Information Technology","$12,118,674,663","2.34%","18.73","4.33","-127.67","Analyze"
"MGM","MGM Resorts International","Common stocks","Large cap","Consumer Discretionary","$12,076,097,956","0.03%","7.87","1.11","2.38","Analyze"
"HST","Host Hotels & Resorts, Inc","REITs","Large cap","Real Estate","$12,031,642,811","1.24%","37.91","0.00","1.84","Analyze"
"KIM","Kimco Realty Corporation","REITs","Large cap","Real Estate","$11,961,441,648","3.98%","12.79","7.92","1.17","Analyze"
"DPZ","Dominos Pizza Inc","Common stocks","Large cap","Consumer Discretionary","$11,959,070,092","1.27%","23.54","2.73","-2.71","Analyze"
"IP","International Paper","Common stocks","Large cap","Materials","$11,866,912,245","5.56%","6.70","0.62","1.33","Analyze"
"CHRW","C.H. Robinson Worldwide, Inc.","Common stocks","Large cap","Industrials","$11,806,078,395","2.29%","12.49","0.47","5.61","Analyze"
"TER","Teradyne Inc","Common stocks","Large cap","Information Technology","$11,775,871,985","0.57%","11.45","3.20","4.52","Analyze"
"ABMD","Abiomed Inc","Common stocks","Large cap","Health Care","$11,775,103,625","0.00%","50.44","11.41","7.57","Analyze"
"BIO","Bio Rad Laboratories Inc Class A","Common stocks","Large cap","Health Care","$11,739,380,842","0.00%","-96.15","4.05","0.95","Analyze"
"VTRS","Viatris Inc.","Common stocks","Large cap","Health Care","$11,701,406,071","4.80%","69.05","0.66","0.57","Analyze"
"UAL","United Continental Holdings Inc","Common stocks","Large cap","Industrials","$11,566,762,309","0.00%","-5.84","0.40","3.20","Analyze"
"BXP","Boston Properties, Inc","REITs","Large cap","Real Estate","$11,515,296,940","5.25%","20.95","3.93","1.96","Analyze"
"RCL","Royal Caribbean Cruises Ltd","Common stocks","Large cap","Consumer Discretionary","$11,413,899,066","0.00%","-2.15","4.48","2.85","Analyze"
"SWK","Stanley Black & Decker Inc","Common stocks","Large cap","Industrials","$11,387,729,617","4.07%","8.36","0.72","1.21","Analyze"
"TECH","Bio-Techne Corp","Common stocks","Large cap","Health Care","$11,333,381,539","0.44%","49.19","10.53","6.47","Analyze"
"VFC","VF Corp","Common stocks","Large cap","Consumer Discretionary","$11,332,384,915","6.75%","8.06","0.98","3.08","Analyze"
"SNA","Snap On Inc","Common stocks","Large cap","Industrials","$11,312,501,587","2.65%","13.21","2.42","2.60","Analyze"
"WDC","Western Digital Corp","Common stocks","Large cap","Information Technology","$11,145,918,759","0.00%","5.88","0.58","0.89","Analyze"
"SEDG","SolarEdge Technologies Inc","Common stocks","Large cap","Information Technology","$11,081,334,110","0.00%","62.20","5.01","5.33","Analyze"
"STX","Seagate Technology Plc","Common stocks","Large cap","Information Technology","$11,072,630,400","5.20%","8.06","0.95","25.59","Analyze"
"BEN","Franklin Resources Inc","Common stocks","Large cap","Financials","$11,068,511,435","5.13%","5.73","1.28","0.94","Analyze"
"MAS","Masco Corp","Common stocks","Large cap","Industrials","$10,960,255,622","2.20%","19.26","1.27","-28.50","Analyze"
"PKG","Packaging Corp Of America","Common stocks","Large cap","Materials","$10,854,146,379","3.84%","11.56","1.35","2.82","Analyze"
"RE","Everest Re Group Ltd","Common stocks","Large cap","Financials","$10,793,735,689","2.32%","7.98","0.94","1.12","Analyze"
"GL","Globe Life Inc.","Common stocks","Large cap","Financials","$10,747,357,132","0.74%","14.54","2.08","1.54","Analyze"
"IPG","Interpublic Group Of Companies Inc","Common stocks","Large cap","Communication Services","$10,698,532,811","4.11%","10.53","1.01","3.08","Analyze"
"AAP","Advance Auto Parts Inc","Common stocks","Large cap","Consumer Discretionary","$10,315,087,448","3.17%","16.45","0.94","3.24","Analyze"
"NI","Nisource Inc","Common stocks","Large cap","Utilities","$10,246,253,695","3.62%","15.04","1.96","1.38","Analyze"
"CRL","Charles River Laboratories International","Common stocks","Large cap","Health Care","$10,158,419,674","0.00%","23.74","2.80","3.84","Analyze"
"CE","Celanese Corporation","Common stocks","Large cap","Materials","$10,103,511,892","2.89%","4.64","1.09","2.09","Analyze"
"TAP","Molson Coors Brewing Class B","Common stocks","Large cap","Consumer Staples","$10,081,045,543","2.96%","9.11","0.76","0.72","Analyze"
"KMX","Carmax Inc","Common stocks","Mid cap","Consumer Discretionary","$9,858,586,483","0.00%","8.26","0.31","1.82","Analyze"
"NRG","NRG Energy Inc","Common stocks","Mid cap","Utilities","$9,683,359,308","3.29%","2.41","0.36","1.92","Analyze"
"CMA","Comerica Inc","Common stocks","Mid cap","Financials","$9,476,584,139","3.71%","9.64","3.43","1.34","Analyze"
"REG","Regency Centers Corporation","REITs","Mid cap","Real Estate","$9,428,219,615","4.50%","11.65","7.89","1.50","Analyze"
"HAS","Hasbro Inc","Common stocks","Mid cap","Consumer Discretionary","$9,402,634,302","4.00%","24.61","1.45","3.02","Analyze"
"GNRC","Generac Holdings Inc","Common stocks","Mid cap","Industrials","$9,346,761,323","0.00%","16.96","2.30","3.79","Analyze"
"SBNY","Signature Bank","Common stocks","Mid cap","Financials","$9,324,685,555","1.45%","8.54","4.30","1.08","Analyze"
"NWS","News Corp Class B","Common stocks","Mid cap","Communication Services","$9,310,749,592","1.23%","6.23","0.91","0.37","Analyze"
"NWSA","News Corp Class A","Common stocks","Mid cap","Communication Services","$9,310,749,592","1.25%","12.04","0.91","0.71","Analyze"
"HII","Huntington Ingalls Industries Inc","Common stocks","Mid cap","Industrials","$9,214,346,862","2.03%","16.63","0.94","3.16","Analyze"
"HSIC","Henry Schein Inc","Common stocks","Mid cap","Health Care","$9,165,966,861","0.00%","14.09","0.72","2.53","Analyze"
"EMN","Eastman Chemical","Common stocks","Mid cap","Materials","$9,080,460,860","4.06%","10.85","0.84","1.51","Analyze"
"TFX","Teleflex Inc","Common stocks","Mid cap","Health Care","$9,066,792,364","0.70%","18.82","3.22","2.42","Analyze"
"PHM","Pultegroup Inc","Common stocks","Mid cap","Consumer Discretionary","$8,993,708,955","1.54%","4.16","0.63","1.17","Analyze"
"RHI","Robert Half","Common stocks","Mid cap","Industrials","$8,992,235,173","2.02%","13.52","1.31","6.11","Analyze"
"MKTX","Marketaxess Holdings Inc","Common stocks","Mid cap","Financials","$8,992,197,911","1.15%","35.71","13.04","8.45","Analyze"
"JNPR","Juniper Networks Inc","Common stocks","Mid cap","Information Technology","$8,491,081,092","3.13%","24.53","1.76","1.95","Analyze"
"CDAY","Ceridian HCM Holding Inc.","Common stocks","Mid cap","Information Technology","$8,487,020,631","0.00%","-94.93","7.84","3.71","Analyze"
"AAL","American Airlines Group Inc","Common stocks","Mid cap","Industrials","$8,480,489,347","0.00%","-3.58","0.24","-0.95","Analyze"
"QRVO","Qorvo, Inc.","Common stocks","Mid cap","Information Technology","$8,454,473,318","0.00%","7.95","1.82","1.81","Analyze"
"FFIV","F5 Networks Inc","Common stocks","Mid cap","Information Technology","$8,422,094,090","0.00%","23.89","3.17","3.49","Analyze"
"LNC","Lincoln National Corp","Common stocks","Mid cap","Financials","$8,208,301,240","3.68%","6.31","0.43","0.55","Analyze"
"WRK","Westrock","Common stocks","Mid cap","Materials","$8,178,199,653","3.09%","10.13","0.40","0.70","Analyze"
"DVA","Davita Inc","Common stocks","Mid cap","Health Care","$8,171,350,000","0.00%","9.04","0.70","9.67","Analyze"
"ALLE","Allegion PLC","Common stocks","Mid cap","Industrials","$8,098,667,657","1.71%","16.88","2.80","10.65","Analyze"
"AIZ","Assurant Inc","Common stocks","Mid cap","Financials","$8,078,239,418","1.78%","5.79","0.79","1.56","Analyze"
"BWA","BorgWarner Inc","Common stocks","Mid cap","Consumer Discretionary","$7,926,740,699","2.02%","11.70","0.54","1.12","Analyze"
"CCL","Carnival Corp","Common stocks","Mid cap","Consumer Discretionary","$7,900,218,316","0.00%","-0.84","2.25","0.77","Analyze"
"BBWI","Bath & Body Works, Inc.","Common stocks","Mid cap","Consumer Discretionary","$7,833,239,039","2.17%","6.15","0.83","-4.91","Analyze"
"WHR","Whirlpool Corp","Common stocks","Mid cap","Consumer Discretionary","$7,812,639,666","4.57%","4.56","0.36","1.66","Analyze"
"CZR","Caesars Entertainment Corp","Common stocks","Mid cap","Consumer Discretionary","$7,794,054,969","0.00%","-12.71","0.77","2.00","Analyze"
"ZION","Zions Bancorporation","Common stocks","Mid cap","Financials","$7,609,337,434","3.04%","7.69","2.75","1.20","Analyze"
"TPR","Tapestry","Common stocks","Mid cap","Consumer Discretionary","$7,525,325,670","3.34%","8.45","1.13","2.89","Analyze"
"FBHS","Fortune Brands Home And Security","Common stocks","Mid cap","Industrials","$7,411,156,353","1.91%","8.16","0.95","2.46","Analyze"
"FRT","Federal Realty Investment Trust","REITs","Mid cap","Real Estate","$7,348,081,271","3.52%","27.74","7.42","2.74","Analyze"
"LUMN","CenturyLink, Inc.","Common stocks","Mid cap","Communication Services","$7,081,721,599","14.14%","3.23","0.37","0.57","Analyze"
"PNW","Pinnacle West Corp","Common stocks","Mid cap","Utilities","$7,015,487,181","5.38%","11.64","1.80","1.18","Analyze"
"PNR","Pentair","Common stocks","Mid cap","Industrials","$6,826,730,947","1.99%","12.39","1.75","2.68","Analyze"
"SEE","Sealed Air Corp","Common stocks","Mid cap","Materials","$6,677,543,253","1.73%","12.20","1.17","34.97","Analyze"
"IVZ","Invesco Ltd","Common stocks","Mid cap","Financials","$6,601,181,315","4.86%","4.91","0.96","0.42","Analyze"
"WYNN","Wynn Resorts Ltd","Common stocks","Mid cap","Consumer Discretionary","$6,493,961,245","0.00%","-9.74","1.63","-19.01","Analyze"
"DXC","DXC Technology Company","Common stocks","Mid cap","Information Technology","$6,312,417,752","0.00%","-10.22","0.38","1.31","Analyze"
"AOS","A O Smith Corp","Common stocks","Mid cap","Industrials","$6,277,405,911","2.28%","12.37","1.68","3.48","Analyze"
"XRAY","Dentsply Sirona Inc","Common stocks","Mid cap","Health Care","$6,248,095,124","1.66%","16.63","1.49","1.25","Analyze"
"UHS","Universal Health Services Inc.","Common stocks","Mid cap","Health Care","$6,180,700,685","0.85%","6.43","0.48","1.03","Analyze"
"MHK","Mohawk Industries Inc","Common stocks","Mid cap","Consumer Discretionary","$6,142,443,143","0.00%","5.87","0.53","0.74","Analyze"
"OGN","Organon & Co.","Common stocks","Mid cap","Health Care","$6,111,546,368","4.60%","4.56","0.96","-4.74","Analyze"
"NWL","Newell Brands Inc","Common stocks","Mid cap","Consumer Discretionary","$6,055,104,000","6.18%","8.45","0.57","1.52","Analyze"
"NCLH","Norwegian Cruise Line Holdings Ltd","Common stocks","Mid cap","Consumer Discretionary","$5,456,990,347","0.00%","-1.33","4.68","3.64","Analyze"
"ALK","Alaska Air Group Inc","Common stocks","Mid cap","Industrials","$5,283,247,426","0.00%","11.32","0.75","1.45","Analyze"
"RL","Ralph Lauren Corp Class A","Common stocks","Mid cap","Consumer Discretionary","$4,219,198,654","3.02%","8.27","0.71","1.52","Analyze"
"VNO","Vornado Realty Trust","REITs","Mid cap","Real Estate","$4,151,930,027","9.56%","28.17","2.51","0.68","Analyze"
"DISH","Dish Network Corp Class A","Common stocks","Mid cap","Communication Services","$3,922,728,674","0.00%","1.71","0.22","0.24","Analyze"