Date,Title,Text,Processed Title,Processed Text,Sentence Title,Sentence Text,Label Title,Score Title,Label Text,Score Text
2022-04-24,Top 5 Things to Watch in Markets in the Week Ahead,"By Gina Lee
Investing.com -- Oil was mixed on Tuesday morning in Asia, with a sudden fall in Libyan supplies adding to concerns about a tight market. Investors also continue to...",top 5 things to watch in markets in the week ahead,by gina lee investingcom  oil was mixed on tuesday morning in asia with a sudden fall in libyan supplies adding to concerns about a tight market investors also continue to,"Sentence: ""top 5 things to watch in markets in the week ahead"" → POSITIVE (0.9996)","Sentence: ""by gina lee investingcom oil was mixed on tuesday morning in asia with a sudden fall in libyan supplies adding to concerns about a tight market investors also continue to"" → NEGATIVE (0.9873)",POSITIVE,0.999607264995575,NEGATIVE,-0.9873067140579224
2022-03-23,Top 5 Things to Watch in Markets in the Week Ahead,"By Yasin Ebrahim
Investing.com -- U.S. crude stockpiles dropped sharply last week, snapping two-weeks of gains at a time when fears of a supply shortage are receding amid fading...",top 5 things to watch in markets in the week ahead,by yasin ebrahim investingcom  us crude stockpiles dropped sharply last week snapping twoweeks of gains at a time when fears of a supply shortage are receding amid fading,"Sentence: ""top 5 things to watch in markets in the week ahead"" → POSITIVE (0.9996)","Sentence: ""by yasin ebrahim investingcom us crude stockpiles dropped sharply last week snapping twoweeks of gains at a time when fears of a supply shortage are receding amid fading"" → NEGATIVE (0.9575)",POSITIVE,0.999607264995575,NEGATIVE,-0.9575265645980835
2021-12-13,Top 5 Things to Watch in Markets in the Week Ahead,"By Alistair Smout
LONDON (Reuters) -Booster COVID-19 shots significantly restore protection against mild disease caused by the Omicron variant, in part reversing an otherwise steep...",top 5 things to watch in markets in the week ahead,by alistair smout london reuters booster covid19 shots significantly restore protection against mild disease caused by the omicron variant in part reversing an otherwise steep,"Sentence: ""top 5 things to watch in markets in the week ahead"" → POSITIVE (0.9996)","Sentence: ""by alistair smout london reuters booster covid19 shots significantly restore protection against mild disease caused by the omicron variant in part reversing an otherwise steep"" → POSITIVE (0.9997)",POSITIVE,0.999607264995575,POSITIVE,0.9997336268424988
2021-12-03,Top 5 Things to Watch in Markets in the Week Ahead,"By Trevor Hunnicutt
WASHINGTON (Reuters) - The United States on Wednesday identified its first known case of Omicron, discovered in a fully vaccinated patient who traveled to South...",top 5 things to watch in markets in the week ahead,by trevor hunnicutt washington reuters  the united states on wednesday identified its first known case of omicron discovered in a fully vaccinated patient who traveled to south,"Sentence: ""top 5 things to watch in markets in the week ahead"" → POSITIVE (0.9996)","Sentence: ""by trevor hunnicutt washington reuters the united states on wednesday identified its first known case of omicron discovered in a fully vaccinated patient who traveled to south"" → NEGATIVE (0.9976)",POSITIVE,0.999607264995575,NEGATIVE,-0.9976429343223572
2021-11-11,Top 5 Things to Watch in Markets in the Week Ahead,"By David Shepardson
WASHINGTON (Reuters) - The U.S. Postal Service raised concerns on Wednesday that the Biden administration's new rules requiring large employers to require...",top 5 things to watch in markets in the week ahead,by david shepardson washington reuters  the us postal service raised concerns on wednesday that the biden administrations new rules requiring large employers to require,"Sentence: ""top 5 things to watch in markets in the week ahead"" → POSITIVE (0.9996)","Sentence: ""by david shepardson washington reuters the us postal service raised concerns on wednesday that the biden administrations new rules requiring large employers to require"" → NEGATIVE (0.9893)",POSITIVE,0.999607264995575,NEGATIVE,-0.9893167018890381
2021-11-08,Top 5 Things to Watch in Markets in the Week Ahead,"By Krisztina Than and Nikolaj Skydsgaard
BUDAPEST (Reuters) - Coronavirus infections are hitting record levels in many countries across Europe as winter takes hold, prompting a...",top 5 things to watch in markets in the week ahead,by krisztina than and nikolaj skydsgaard budapest reuters  coronavirus infections are hitting record levels in many countries across europe as winter takes hold prompting a,"Sentence: ""top 5 things to watch in markets in the week ahead"" → POSITIVE (0.9996)","Sentence: ""by krisztina than and nikolaj skydsgaard budapest reuters coronavirus infections are hitting record levels in many countries across europe as winter takes hold prompting a"" → POSITIVE (0.9444)",POSITIVE,0.999607264995575,POSITIVE,0.9443695545196533
2021-10-20,Top 5 Things to Watch in Markets in the Week Ahead,"By Krishna N. Das
NEW DELHI (Reuters) - India's vaccination campaign has slowed despite amassing record stockpiles of vaccine, health ministry data showed on Monday, as authorities...",top 5 things to watch in markets in the week ahead,by krishna n das new delhi reuters  indias vaccination campaign has slowed despite amassing record stockpiles of vaccine health ministry data showed on monday as authorities,"Sentence: ""top 5 things to watch in markets in the week ahead"" → POSITIVE (0.9996)","Sentence: ""by krishna n das new delhi reuters indias vaccination campaign has slowed despite amassing record stockpiles of vaccine health ministry data showed on monday as authorities"" → NEGATIVE (0.9998)",POSITIVE,0.999607264995575,NEGATIVE,-0.9997524619102478
2021-08-18,Top 5 Things to Watch in Markets in the Week Ahead,"By Peter Nurse   
Investing.com -- Crude oil prices weakened Tuesday, continuing the sharp losses of the previous session on concerns slowing global growth will hit demand in the...",top 5 things to watch in markets in the week ahead,by peter nurse    investingcom  crude oil prices weakened tuesday continuing the sharp losses of the previous session on concerns slowing global growth will hit demand in the,"Sentence: ""top 5 things to watch in markets in the week ahead"" → POSITIVE (0.9996)","Sentence: ""by peter nurse investingcom crude oil prices weakened tuesday continuing the sharp losses of the previous session on concerns slowing global growth will hit demand in the"" → NEGATIVE (0.9615)",POSITIVE,0.999607264995575,NEGATIVE,-0.9614555239677429
2021-07-30,Top 5 Things to Watch in Markets in the Week Ahead,"By Michael Erman and Carl O'Donnell
(Reuters) -Top U.S. infectious disease expert Dr. Anthony Fauci said on Friday he hopes regulators as soon as next month could start granting...",top 5 things to watch in markets in the week ahead,by michael erman and carl odonnell reuters top us infectious disease expert dr anthony fauci said on friday he hopes regulators as soon as next month could start granting,"Sentence: ""top 5 things to watch in markets in the week ahead"" → POSITIVE (0.9996)","Sentence: ""by michael erman and carl odonnell reuters top us infectious disease expert dr anthony fauci said on friday he hopes regulators as soon as next month could start granting"" → NEGATIVE (0.8427)",POSITIVE,0.999607264995575,NEGATIVE,-0.8426949977874756
2021-07-28,Top 5 Things to Watch in Markets in the Week Ahead,"By Danielle Kaye
(Reuters) - All Washington Post employees will be required to present proof of full COVID-19 vaccination by mid-September as a condition of employment, with...",top 5 things to watch in markets in the week ahead,by danielle kaye reuters  all washington post employees will be required to present proof of full covid19 vaccination by midseptember as a condition of employment with,"Sentence: ""top 5 things to watch in markets in the week ahead"" → POSITIVE (0.9996)","Sentence: ""by danielle kaye reuters all washington post employees will be required to present proof of full covid19 vaccination by midseptember as a condition of employment with"" → NEGATIVE (0.9234)",POSITIVE,0.999607264995575,NEGATIVE,-0.9233800768852234
2021-07-12,Top 5 Things to Watch in Markets in the Week Ahead,"By Barani Krishnan
Investing.com - Crude prices posted their first weekly loss since mid-May as worries about trouble within OPEC tempered the bull market for oil.
The loss was a...",top 5 things to watch in markets in the week ahead,by barani krishnan investingcom  crude prices posted their first weekly loss since midmay as worries about trouble within opec tempered the bull market for oil the loss was a,"Sentence: ""top 5 things to watch in markets in the week ahead"" → POSITIVE (0.9996)","Sentence: ""by barani krishnan investingcom crude prices posted their first weekly loss since midmay as worries about trouble within opec tempered the bull market for oil the loss was a"" → NEGATIVE (0.9985)",POSITIVE,0.999607264995575,NEGATIVE,-0.9984902143478394
2021-07-08,Top 5 Things to Watch in Markets in the Week Ahead,"By Bernadette Christina
JAKARTA (Reuters) - Indonesia has ordered oxygen makers to prioritise medical needs amid growing demand from COVID-19 patients, the government said on...",top 5 things to watch in markets in the week ahead,by bernadette christina jakarta reuters  indonesia has ordered oxygen makers to prioritise medical needs amid growing demand from covid19 patients the government said on,"Sentence: ""top 5 things to watch in markets in the week ahead"" → POSITIVE (0.9996)","Sentence: ""by bernadette christina jakarta reuters indonesia has ordered oxygen makers to prioritise medical needs amid growing demand from covid19 patients the government said on"" → NEGATIVE (0.6084)",POSITIVE,0.999607264995575,NEGATIVE,-0.6084086298942566
2021-04-01,Top 5 Things to Watch in Markets in the Week Ahead,"By Carl O'Donnell
(Reuters) - Abbott Laboratories (NYSE:ABT) said on Wednesday that U.S. regulators have cleared its rapid COVID-19 antigen test for over-the-counter, at-home use...",top 5 things to watch in markets in the week ahead,by carl odonnell reuters  abbott laboratories nyseabt said on wednesday that us regulators have cleared its rapid covid19 antigen test for overthecounter athome use,"Sentence: ""top 5 things to watch in markets in the week ahead"" → POSITIVE (0.9996)","Sentence: ""by carl odonnell reuters abbott laboratories nyseabt said on wednesday that us regulators have cleared its rapid covid19 antigen test for overthecounter athome use"" → NEGATIVE (0.9888)",POSITIVE,0.999607264995575,NEGATIVE,-0.9887985587120056
2021-02-03,Top 5 Things to Watch in Markets in the Week Ahead,"By Lynx Insight Service
(Reuters) - More than 103.44 million people have been reported to be infected by the novel coronavirus globally and 2,236,895​ have died, according to a...",top 5 things to watch in markets in the week ahead,by lynx insight service reuters  more than 10344 million people have been reported to be infected by the novel coronavirus globally and 2236895 have died according to a,"Sentence: ""top 5 things to watch in markets in the week ahead"" → POSITIVE (0.9996)","Sentence: ""by lynx insight service reuters more than 10344 million people have been reported to be infected by the novel coronavirus globally and 2236895 have died according to a"" → NEGATIVE (0.9998)",POSITIVE,0.999607264995575,NEGATIVE,-0.9998216032981873
2021-01-21,Top 5 Things to Watch in Markets in the Week Ahead,"By Nandita Bose and Jeff Mason
WASHINGTON (Reuters) - President Joe Biden will sign 10 executive orders on Thursday to fight the coronavirus pandemic, including directing that...",top 5 things to watch in markets in the week ahead,by nandita bose and jeff mason washington reuters  president joe biden will sign 10 executive orders on thursday to fight the coronavirus pandemic including directing that,"Sentence: ""top 5 things to watch in markets in the week ahead"" → POSITIVE (0.9996)","Sentence: ""by nandita bose and jeff mason washington reuters president joe biden will sign 10 executive orders on thursday to fight the coronavirus pandemic including directing that"" → NEGATIVE (0.9008)",POSITIVE,0.999607264995575,NEGATIVE,-0.9008180499076843
2021-01-21,Dow Futures Move Higher As Investors Brace for Earnings,"By Kate Kelland
LONDON (Reuters) - Larger trials are needed to assess whether Roche's arthritis drug tocilizumab can cut death rates among the sickest COVID-19 patients, scientists...",dow futures move higher as investors brace for earnings,by kate kelland london reuters  larger trials are needed to assess whether roches arthritis drug tocilizumab can cut death rates among the sickest covid19 patients scientists,"Sentence: ""dow futures move higher as investors brace for earnings"" → NEGATIVE (0.9324)","Sentence: ""by kate kelland london reuters larger trials are needed to assess whether roches arthritis drug tocilizumab can cut death rates among the sickest covid19 patients scientists"" → POSITIVE (0.876)",NEGATIVE,-0.9323559403419495,POSITIVE,0.876018226146698
2021-01-19,Top 5 Things to Watch in Markets in the Week Ahead,"By Francesco Guarascio
BRUSSELS (Reuters) - The European Union wants to set up a mechanism that would allow the sharing of surplus COVID-19 vaccines with poorer neighbouring states...",top 5 things to watch in markets in the week ahead,by francesco guarascio brussels reuters  the european union wants to set up a mechanism that would allow the sharing of surplus covid19 vaccines with poorer neighbouring states,"Sentence: ""top 5 things to watch in markets in the week ahead"" → POSITIVE (0.9996)","Sentence: ""by francesco guarascio brussels reuters the european union wants to set up a mechanism that would allow the sharing of surplus covid19 vaccines with poorer neighbouring states"" → NEGATIVE (0.9623)",POSITIVE,0.999607264995575,NEGATIVE,-0.9622604250907898
2021-01-19,Dow Futures Move Higher As Investors Brace for Earnings,"By Tom Wilson
LONDON (Reuters) - Two British hospitals are using blockchain technology to keep tabs on the storage and supply of temperature-sensitive COVID-19 vaccines, the...",dow futures move higher as investors brace for earnings,by tom wilson london reuters  two british hospitals are using blockchain technology to keep tabs on the storage and supply of temperaturesensitive covid19 vaccines the,"Sentence: ""dow futures move higher as investors brace for earnings"" → NEGATIVE (0.9324)","Sentence: ""by tom wilson london reuters two british hospitals are using blockchain technology to keep tabs on the storage and supply of temperaturesensitive covid19 vaccines the"" → NEGATIVE (0.7705)",NEGATIVE,-0.9323559403419495,NEGATIVE,-0.7705162167549133
2021-01-19,Oil Rises as OPEC+ Members Voice Support For Supply Cut,"By Kanishka Singh
(Reuters) - New York Governor Andrew Cuomo asked Pfizer Inc (NYSE:PFE) Chief Executive Albert Bourla on Monday if the state could buy COVID-19 vaccine doses...",oil rises as opec members voice support for supply cut,by kanishka singh reuters  new york governor andrew cuomo asked pfizer inc nysepfe chief executive albert bourla on monday if the state could buy covid19 vaccine doses,"Sentence: ""oil rises as opec members voice support for supply cut"" → POSITIVE (0.8193)","Sentence: ""by kanishka singh reuters new york governor andrew cuomo asked pfizer inc nysepfe chief executive albert bourla on monday if the state could buy covid19 vaccine doses"" → NEGATIVE (0.9985)",POSITIVE,0.819317638874054,NEGATIVE,-0.9985431432723999
2021-01-17,Top 5 Things to Watch in Markets in the Week Ahead,"By Peter Szekely
NEW YORK (Reuters) - Scattered shortages of COVID-19 vaccines persisted on Saturday under pressure from growing demand, as previously inoculated Americans returned...",top 5 things to watch in markets in the week ahead,by peter szekely new york reuters  scattered shortages of covid19 vaccines persisted on saturday under pressure from growing demand as previously inoculated americans returned,"Sentence: ""top 5 things to watch in markets in the week ahead"" → POSITIVE (0.9996)","Sentence: ""by peter szekely new york reuters scattered shortages of covid19 vaccines persisted on saturday under pressure from growing demand as previously inoculated americans returned"" → NEGATIVE (0.999)",POSITIVE,0.999607264995575,NEGATIVE,-0.999032735824585
2021-01-13,Top 5 Things to Watch in Markets in the Week Ahead,"By Kate Kelland and Josephine Mason
LONDON (Reuters) - The role and remit of the World Health Organization (WHO) should be examined in the wake of the COVID-19 pandemic, and...",top 5 things to watch in markets in the week ahead,by kate kelland and josephine mason london reuters  the role and remit of the world health organization who should be examined in the wake of the covid19 pandemic and,"Sentence: ""top 5 things to watch in markets in the week ahead"" → POSITIVE (0.9996)","Sentence: ""by kate kelland and josephine mason london reuters the role and remit of the world health organization who should be examined in the wake of the covid19 pandemic and"" → POSITIVE (0.9884)",POSITIVE,0.999607264995575,POSITIVE,0.9884321093559265
2021-01-13,Dow Futures Move Higher As Investors Brace for Earnings,"By David Shepardson
WASHINGTON (Reuters) - Nearly all air travelers will need to present a negative coronavirus test to enter the United States under expanded test testing...",dow futures move higher as investors brace for earnings,by david shepardson washington reuters  nearly all air travelers will need to present a negative coronavirus test to enter the united states under expanded test testing,"Sentence: ""dow futures move higher as investors brace for earnings"" → NEGATIVE (0.9324)","Sentence: ""by david shepardson washington reuters nearly all air travelers will need to present a negative coronavirus test to enter the united states under expanded test testing"" → NEGATIVE (0.8156)",NEGATIVE,-0.9323559403419495,NEGATIVE,-0.8156229853630066
2021-01-12,Top 5 Things to Watch in Markets in the Week Ahead,"By Maria Caspani and Jonathan Allen
NEW YORK (Reuters) - New York officials said on Monday that they feared efforts to accelerate the vaccination of people against the novel...",top 5 things to watch in markets in the week ahead,by maria caspani and jonathan allen new york reuters  new york officials said on monday that they feared efforts to accelerate the vaccination of people against the novel,"Sentence: ""top 5 things to watch in markets in the week ahead"" → POSITIVE (0.9996)","Sentence: ""by maria caspani and jonathan allen new york reuters new york officials said on monday that they feared efforts to accelerate the vaccination of people against the novel"" → NEGATIVE (0.9997)",POSITIVE,0.999607264995575,NEGATIVE,-0.9996768236160278
2021-01-09,Top 5 Things to Watch in Markets in the Week Ahead,"By Lucy Nicholson
MISSION VIEJO, Calif. (Reuters) - Southern California is so overwhelmed with coronavirus cases that patients are backed up trying to get into hospitals, and...",top 5 things to watch in markets in the week ahead,by lucy nicholson mission viejo calif reuters  southern california is so overwhelmed with coronavirus cases that patients are backed up trying to get into hospitals and,"Sentence: ""top 5 things to watch in markets in the week ahead"" → POSITIVE (0.9996)","Sentence: ""by lucy nicholson mission viejo calif reuters southern california is so overwhelmed with coronavirus cases that patients are backed up trying to get into hospitals and"" → NEGATIVE (0.6304)",POSITIVE,0.999607264995575,NEGATIVE,-0.6304330229759216
2021-01-07,Top 5 Things to Watch in Markets in the Week Ahead,"By Roshan Abraham
(Reuters) - Coronavirus cases in Europe surpassed 25 million on Thursday, according to a Reuters tally, with several countries reinstating or extending lockdowns...",top 5 things to watch in markets in the week ahead,by roshan abraham reuters  coronavirus cases in europe surpassed 25 million on thursday according to a reuters tally with several countries reinstating or extending lockdowns,"Sentence: ""top 5 things to watch in markets in the week ahead"" → POSITIVE (0.9996)","Sentence: ""by roshan abraham reuters coronavirus cases in europe surpassed 25 million on thursday according to a reuters tally with several countries reinstating or extending lockdowns"" → NEGATIVE (0.8496)",POSITIVE,0.999607264995575,NEGATIVE,-0.849575400352478
2021-01-06,Top 5 Things to Watch in Markets in the Week Ahead,"By Dan Whitcomb and Steve Gorman
LOS ANGELES (Reuters) -Los Angeles health officials have told first responders to stop bringing adult patients who cannot be resuscitated to...",top 5 things to watch in markets in the week ahead,by dan whitcomb and steve gorman los angeles reuters los angeles health officials have told first responders to stop bringing adult patients who cannot be resuscitated to,"Sentence: ""top 5 things to watch in markets in the week ahead"" → POSITIVE (0.9996)","Sentence: ""by dan whitcomb and steve gorman los angeles reuters los angeles health officials have told first responders to stop bringing adult patients who cannot be resuscitated to"" → NEGATIVE (0.9925)",POSITIVE,0.999607264995575,NEGATIVE,-0.9925345182418823
2021-01-05,Top 5 Things to Watch in Markets in the Week Ahead,"By Dominique Vidalon and Sudip Kar-Gupta
PARIS (Reuters) -France is stepping up its COVID-19 vaccine rollout by widening further its first target group to include more health...",top 5 things to watch in markets in the week ahead,by dominique vidalon and sudip kargupta paris reuters france is stepping up its covid19 vaccine rollout by widening further its first target group to include more health,"Sentence: ""top 5 things to watch in markets in the week ahead"" → POSITIVE (0.9996)","Sentence: ""by dominique vidalon and sudip kargupta paris reuters france is stepping up its covid19 vaccine rollout by widening further its first target group to include more health"" → POSITIVE (0.9838)",POSITIVE,0.999607264995575,POSITIVE,0.9837649464607239
2021-01-05,Dow Futures Move Higher As Investors Brace for Earnings,"By Alexander Winning
JOHANNESBURG (Reuters) - A variant of the coronavirus first detected in South Africa is unlikely to completely negate the immunising effects of vaccines, a...",dow futures move higher as investors brace for earnings,by alexander winning johannesburg reuters  a variant of the coronavirus first detected in south africa is unlikely to completely negate the immunising effects of vaccines a,"Sentence: ""dow futures move higher as investors brace for earnings"" → NEGATIVE (0.9324)","Sentence: ""by alexander winning johannesburg reuters a variant of the coronavirus first detected in south africa is unlikely to completely negate the immunising effects of vaccines a"" → NEGATIVE (0.9881)",NEGATIVE,-0.9323559403419495,NEGATIVE,-0.9880741238594055
2021-01-05,Oil Rises as OPEC+ Members Voice Support For Supply Cut,"By Devjyot Ghoshal and Neha Arora
NEW DELHI (Reuters) - India is set to roll out a COVID-19 vaccination programme by next week, aiming to cover 300 million people by July, its top...",oil rises as opec members voice support for supply cut,by devjyot ghoshal and neha arora new delhi reuters  india is set to roll out a covid19 vaccination programme by next week aiming to cover 300 million people by july its top,"Sentence: ""oil rises as opec members voice support for supply cut"" → POSITIVE (0.8193)","Sentence: ""by devjyot ghoshal and neha arora new delhi reuters india is set to roll out a covid19 vaccination programme by next week aiming to cover 300 million people by july its top"" → POSITIVE (0.5669)",POSITIVE,0.819317638874054,POSITIVE,0.566943883895874
2021-01-04,Top 5 Things to Watch in Markets in the Week Ahead,"By Jonathan Landay
WASHINGTON (Reuters) - Two top U.S. health officials on Sunday disputed a claim by President Donald Trump that federal data on COVID-19 cases and deaths in the...",top 5 things to watch in markets in the week ahead,by jonathan landay washington reuters  two top us health officials on sunday disputed a claim by president donald trump that federal data on covid19 cases and deaths in the,"Sentence: ""top 5 things to watch in markets in the week ahead"" → POSITIVE (0.9996)","Sentence: ""by jonathan landay washington reuters two top us health officials on sunday disputed a claim by president donald trump that federal data on covid19 cases and deaths in the"" → NEGATIVE (0.9743)",POSITIVE,0.999607264995575,NEGATIVE,-0.9742860794067383
2021-01-04,Dow Futures Move Higher As Investors Brace for Earnings,"By Richard Cowan and Trevor Hunnicutt
WASHINGTON/REHOBOTH BEACH, Del. (Reuters) - In Washington's months-long political slugfest over who should get aid to counter the financial...",dow futures move higher as investors brace for earnings,by richard cowan and trevor hunnicutt washingtonrehoboth beach del reuters  in washingtons monthslong political slugfest over who should get aid to counter the financial,"Sentence: ""dow futures move higher as investors brace for earnings"" → NEGATIVE (0.9324)","Sentence: ""by richard cowan and trevor hunnicutt washingtonrehoboth beach del reuters in washingtons monthslong political slugfest over who should get aid to counter the financial"" → NEGATIVE (0.8135)",NEGATIVE,-0.9323559403419495,NEGATIVE,-0.8134989738464355
2020-12-30,Top 5 Things to Watch in Markets in the Week Ahead,"By Jan Lopatka and Emilio Parodi
PRAGUE/ROME (Reuters) -
The European Union was asked on Tuesday to allow an extra dose of the COVID-19 vaccine developed by Pfizer (NYSE:PFE) and...",top 5 things to watch in markets in the week ahead,by jan lopatka and emilio parodi praguerome reuters  the european union was asked on tuesday to allow an extra dose of the covid19 vaccine developed by pfizer nysepfe and,"Sentence: ""top 5 things to watch in markets in the week ahead"" → POSITIVE (0.9996)","Sentence: ""by jan lopatka and emilio parodi praguerome reuters the european union was asked on tuesday to allow an extra dose of the covid19 vaccine developed by pfizer nysepfe and"" → NEGATIVE (0.9998)",POSITIVE,0.999607264995575,NEGATIVE,-0.999783456325531
2020-12-12,Top 5 Things to Watch in Markets in the Week Ahead,"By Kate Kelland
LONDON (Reuters) - Five key genes are linked with the most severe form of COVID-19, scientists said on Friday, in research that also pointed to several existing...",top 5 things to watch in markets in the week ahead,by kate kelland london reuters  five key genes are linked with the most severe form of covid19 scientists said on friday in research that also pointed to several existing,"Sentence: ""top 5 things to watch in markets in the week ahead"" → POSITIVE (0.9996)","Sentence: ""by kate kelland london reuters five key genes are linked with the most severe form of covid19 scientists said on friday in research that also pointed to several existing"" → NEGATIVE (0.9643)",POSITIVE,0.999607264995575,NEGATIVE,-0.9643464684486389
2020-12-03,Top 5 Things to Watch in Markets in the Week Ahead,"By Andrea Shalal and Michelle Nichols
WASHINGTON/NEW YORK (Reuters) - The United States on Wednesday claimed a United Nations meeting of world leaders on the COVID-19 pandemic was...",top 5 things to watch in markets in the week ahead,by andrea shalal and michelle nichols washingtonnew york reuters  the united states on wednesday claimed a united nations meeting of world leaders on the covid19 pandemic was,"Sentence: ""top 5 things to watch in markets in the week ahead"" → POSITIVE (0.9996)","Sentence: ""by andrea shalal and michelle nichols washingtonnew york reuters the united states on wednesday claimed a united nations meeting of world leaders on the covid19 pandemic was"" → NEGATIVE (0.9993)",POSITIVE,0.999607264995575,NEGATIVE,-0.9992747902870178
2020-11-13,Top 5 Things to Watch in Markets in the Week Ahead,"By Yasin Ebrahim
Investing.com - President Donald Trump on Friday said he expected Pfiizer's vaccine to be approved ""very soon,"" and talked up the prospect of a widespread roll out...",top 5 things to watch in markets in the week ahead,by yasin ebrahim investingcom  president donald trump on friday said he expected pfiizers vaccine to be approved very soon and talked up the prospect of a widespread roll out,"Sentence: ""top 5 things to watch in markets in the week ahead"" → POSITIVE (0.9996)","Sentence: ""by yasin ebrahim investingcom president donald trump on friday said he expected pfiizers vaccine to be approved very soon and talked up the prospect of a widespread roll out"" → NEGATIVE (0.9946)",POSITIVE,0.999607264995575,NEGATIVE,-0.9945505261421204
2020-11-07,Top 5 Things to Watch in Markets in the Week Ahead,"By Anurag Maan
(Reuters) - U.S. coronavirus infections surged by at least 129,606 on Friday, according to a Reuters tally, the third consecutive daily rise of more than 100,000...",top 5 things to watch in markets in the week ahead,by anurag maan reuters  us coronavirus infections surged by at least 129606 on friday according to a reuters tally the third consecutive daily rise of more than 100000,"Sentence: ""top 5 things to watch in markets in the week ahead"" → POSITIVE (0.9996)","Sentence: ""by anurag maan reuters us coronavirus infections surged by at least 129606 on friday according to a reuters tally the third consecutive daily rise of more than 100000"" → POSITIVE (0.5021)",POSITIVE,0.999607264995575,POSITIVE,0.5020728707313538
2020-10-28,Top 5 Things to Watch in Markets in the Week Ahead,"By David Shepardson
WASHINGTON (Reuters) - Transmission risks of COVID-19 during airline flights are very low and below other routine activities during the pandemic such as grocery...",top 5 things to watch in markets in the week ahead,by david shepardson washington reuters  transmission risks of covid19 during airline flights are very low and below other routine activities during the pandemic such as grocery,"Sentence: ""top 5 things to watch in markets in the week ahead"" → POSITIVE (0.9996)","Sentence: ""by david shepardson washington reuters transmission risks of covid19 during airline flights are very low and below other routine activities during the pandemic such as grocery"" → NEGATIVE (0.7428)",POSITIVE,0.999607264995575,NEGATIVE,-0.7427647709846497
2020-10-23,Top 5 Things to Watch in Markets in the Week Ahead,"By Nancy Lapid
(Reuters) - The following is a roundup of some of the latest scientific studies on the novel coronavirus and efforts to find treatments and vaccines for COVID-19,...",top 5 things to watch in markets in the week ahead,by nancy lapid reuters  the following is a roundup of some of the latest scientific studies on the novel coronavirus and efforts to find treatments and vaccines for covid19,"Sentence: ""top 5 things to watch in markets in the week ahead"" → POSITIVE (0.9996)","Sentence: ""by nancy lapid reuters the following is a roundup of some of the latest scientific studies on the novel coronavirus and efforts to find treatments and vaccines for covid19"" → POSITIVE (0.8981)",POSITIVE,0.999607264995575,POSITIVE,0.8980501890182495
2020-10-20,Top 5 Things to Watch in Markets in the Week Ahead,"By Rich McKay
(Reuters) - A Wisconsin judge on Monday reinstated limits on public gatherings including at bars and restaurants due to a surge in COVID-19, the governor's office...",top 5 things to watch in markets in the week ahead,by rich mckay reuters  a wisconsin judge on monday reinstated limits on public gatherings including at bars and restaurants due to a surge in covid19 the governors office,"Sentence: ""top 5 things to watch in markets in the week ahead"" → POSITIVE (0.9996)","Sentence: ""by rich mckay reuters a wisconsin judge on monday reinstated limits on public gatherings including at bars and restaurants due to a surge in covid19 the governors office"" → NEGATIVE (0.8836)",POSITIVE,0.999607264995575,NEGATIVE,-0.8835508227348328
2020-10-16,Top 5 Things to Watch in Markets in the Week Ahead,"By Carl O'Donnell
NEW YORK (Reuters) - Drugmakers and research centers around the world are working on COVID-19 vaccines, with large global trials of several of the candidates...",top 5 things to watch in markets in the week ahead,by carl odonnell new york reuters  drugmakers and research centers around the world are working on covid19 vaccines with large global trials of several of the candidates,"Sentence: ""top 5 things to watch in markets in the week ahead"" → POSITIVE (0.9996)","Sentence: ""by carl odonnell new york reuters drugmakers and research centers around the world are working on covid19 vaccines with large global trials of several of the candidates"" → POSITIVE (0.997)",POSITIVE,0.999607264995575,POSITIVE,0.9969651103019714
2020-09-30,Top 5 Things to Watch in Markets in the Week Ahead,"By Hyonhee Shin
SEOUL (Reuters) - South Koreans will forego some of their most cherished traditions when they celebrate their thanksgiving holiday of Chuseok this week, as the...",top 5 things to watch in markets in the week ahead,by hyonhee shin seoul reuters  south koreans will forego some of their most cherished traditions when they celebrate their thanksgiving holiday of chuseok this week as the,"Sentence: ""top 5 things to watch in markets in the week ahead"" → POSITIVE (0.9996)","Sentence: ""by hyonhee shin seoul reuters south koreans will forego some of their most cherished traditions when they celebrate their thanksgiving holiday of chuseok this week as the"" → POSITIVE (0.9893)",POSITIVE,0.999607264995575,POSITIVE,0.9892922639846802
2020-09-25,Top 5 Things to Watch in Markets in the Week Ahead,"By Barbara Goldberg
NEW YORK (Reuters) - New York is committed to making outdoor dining a permanent option for the thousands of restaurants that have embraced the concept since the...",top 5 things to watch in markets in the week ahead,by barbara goldberg new york reuters  new york is committed to making outdoor dining a permanent option for the thousands of restaurants that have embraced the concept since the,"Sentence: ""top 5 things to watch in markets in the week ahead"" → POSITIVE (0.9996)","Sentence: ""by barbara goldberg new york reuters new york is committed to making outdoor dining a permanent option for the thousands of restaurants that have embraced the concept since the"" → POSITIVE (0.9943)",POSITIVE,0.999607264995575,POSITIVE,0.9943477511405945
2020-09-17,Top 5 Things to Watch in Markets in the Week Ahead,"By Adam Claringbull
Investing.com – Oil was slightly up Friday morning in Asia, even as Gulf of Mexico rigs reopened after Hurricane Sally. Thursday’s OPEC+ meeting warning its...",top 5 things to watch in markets in the week ahead,by adam claringbull investingcom  oil was slightly up friday morning in asia even as gulf of mexico rigs reopened after hurricane sally thursdays opec meeting warning its,"Sentence: ""top 5 things to watch in markets in the week ahead"" → POSITIVE (0.9996)","Sentence: ""by adam claringbull investingcom oil was slightly up friday morning in asia even as gulf of mexico rigs reopened after hurricane sally thursdays opec meeting warning its"" → NEGATIVE (0.7596)",POSITIVE,0.999607264995575,NEGATIVE,-0.7595894932746887
2020-09-14,Top 5 Things to Watch in Markets in the Week Ahead,"By Colin Packham
SYDNEY (Reuters) - Australia reported its lowest one-day rise in novel coronavirus infections in nearly three months on Monday as authorities began to ease...",top 5 things to watch in markets in the week ahead,by colin packham sydney reuters  australia reported its lowest oneday rise in novel coronavirus infections in nearly three months on monday as authorities began to ease,"Sentence: ""top 5 things to watch in markets in the week ahead"" → POSITIVE (0.9996)","Sentence: ""by colin packham sydney reuters australia reported its lowest oneday rise in novel coronavirus infections in nearly three months on monday as authorities began to ease"" → NEGATIVE (0.9893)",POSITIVE,0.999607264995575,NEGATIVE,-0.9893060326576233
2020-08-11,Top 5 Things to Watch in Markets in the Week Ahead,"By Gina Lee
Investing.com – The dollar was down on Tuesday morning in Asia, reversing earlier gains even as the U.S. Congress moved closer to a consensus over the latest COVID-19...",top 5 things to watch in markets in the week ahead,by gina lee investingcom  the dollar was down on tuesday morning in asia reversing earlier gains even as the us congress moved closer to a consensus over the latest covid19,"Sentence: ""top 5 things to watch in markets in the week ahead"" → POSITIVE (0.9996)","Sentence: ""by gina lee investingcom the dollar was down on tuesday morning in asia reversing earlier gains even as the us congress moved closer to a consensus over the latest covid19"" → NEGATIVE (0.9258)",POSITIVE,0.999607264995575,NEGATIVE,-0.9258495569229126
2020-08-04,Top 5 Things to Watch in Markets in the Week Ahead,"By Brendan O'Brien and Dan Whitcomb
CHICAGO (Reuters) - Teachers at dozens of school districts protested from their cars on Monday over plans by some U.S. governors to resume...",top 5 things to watch in markets in the week ahead,by brendan obrien and dan whitcomb chicago reuters  teachers at dozens of school districts protested from their cars on monday over plans by some us governors to resume,"Sentence: ""top 5 things to watch in markets in the week ahead"" → POSITIVE (0.9996)","Sentence: ""by brendan obrien and dan whitcomb chicago reuters teachers at dozens of school districts protested from their cars on monday over plans by some us governors to resume"" → NEGATIVE (0.9945)",POSITIVE,0.999607264995575,NEGATIVE,-0.9944802522659302
2020-07-20,Top 5 Things to Watch in Markets in the Week Ahead,"By Bryan Wong
Investing.com - Oil was down on Monday morning in Asia, as investors continue to be spooked by the ever-increasing number of global COVID-19 cases.
Brent oil futures...",top 5 things to watch in markets in the week ahead,by bryan wong investingcom  oil was down on monday morning in asia as investors continue to be spooked by the everincreasing number of global covid19 cases brent oil futures,"Sentence: ""top 5 things to watch in markets in the week ahead"" → POSITIVE (0.9996)","Sentence: ""by bryan wong investingcom oil was down on monday morning in asia as investors continue to be spooked by the everincreasing number of global covid19 cases brent oil futures"" → NEGATIVE (0.993)",POSITIVE,0.999607264995575,NEGATIVE,-0.993000864982605
2020-07-01,Top 5 Things to Watch in Markets in the Week Ahead,"By Emma Farge and John Revill
GENEVA (Reuters) - Nations who fail to use every mechanism available to combat the still-raging novel coronavirus will struggle to beat it, the World...",top 5 things to watch in markets in the week ahead,by emma farge and john revill geneva reuters  nations who fail to use every mechanism available to combat the stillraging novel coronavirus will struggle to beat it the world,"Sentence: ""top 5 things to watch in markets in the week ahead"" → POSITIVE (0.9996)","Sentence: ""by emma farge and john revill geneva reuters nations who fail to use every mechanism available to combat the stillraging novel coronavirus will struggle to beat it the world"" → POSITIVE (0.9663)",POSITIVE,0.999607264995575,POSITIVE,0.9662991166114807
2020-06-18,Top 5 Things to Watch in Markets in the Week Ahead,"By Mark Miller
CHICAGO (Reuters) - The COVID-19 pandemic has put a bright spotlight on weaknesses in many of the systems designed to protect Americans from risks. But with older...",top 5 things to watch in markets in the week ahead,by mark miller chicago reuters  the covid19 pandemic has put a bright spotlight on weaknesses in many of the systems designed to protect americans from risks but with older,"Sentence: ""top 5 things to watch in markets in the week ahead"" → POSITIVE (0.9996)","Sentence: ""by mark miller chicago reuters the covid19 pandemic has put a bright spotlight on weaknesses in many of the systems designed to protect americans from risks but with older"" → NEGATIVE (0.9626)",POSITIVE,0.999607264995575,NEGATIVE,-0.9625530242919922
2020-06-10,Top 5 Things to Watch in Markets in the Week Ahead,"By Stephanie Nebehay
GENEVA (Reuters) - Studies show people with the coronavirus are most infectious just at the point when they first begin to feel unwell, World Health...",top 5 things to watch in markets in the week ahead,by stephanie nebehay geneva reuters  studies show people with the coronavirus are most infectious just at the point when they first begin to feel unwell world health,"Sentence: ""top 5 things to watch in markets in the week ahead"" → POSITIVE (0.9996)","Sentence: ""by stephanie nebehay geneva reuters studies show people with the coronavirus are most infectious just at the point when they first begin to feel unwell world health"" → NEGATIVE (0.9889)",POSITIVE,0.999607264995575,NEGATIVE,-0.9889477491378784
2020-05-27,Top 5 Things to Watch in Markets in the Week Ahead,"By Robin Respaut and Deborah J. Nelson
(Reuters) - New diagnoses of one of the deadliest cancers fell by one-third in March and April as U.S. physicians and patients halted...",top 5 things to watch in markets in the week ahead,by robin respaut and deborah j nelson reuters  new diagnoses of one of the deadliest cancers fell by onethird in march and april as us physicians and patients halted,"Sentence: ""top 5 things to watch in markets in the week ahead"" → POSITIVE (0.9996)","Sentence: ""by robin respaut and deborah j nelson reuters new diagnoses of one of the deadliest cancers fell by onethird in march and april as us physicians and patients halted"" → NEGATIVE (0.9816)",POSITIVE,0.999607264995575,NEGATIVE,-0.9816179871559143
2020-05-26,Top 5 Things to Watch in Markets in the Week Ahead,"By Helen Coster
(Reuters) - Before the coronavirus pandemic, Melanie Burns and her husband between them had planned five trips between April and September, including three to...",top 5 things to watch in markets in the week ahead,by helen coster reuters  before the coronavirus pandemic melanie burns and her husband between them had planned five trips between april and september including three to,"Sentence: ""top 5 things to watch in markets in the week ahead"" → POSITIVE (0.9996)","Sentence: ""by helen coster reuters before the coronavirus pandemic melanie burns and her husband between them had planned five trips between april and september including three to"" → POSITIVE (0.9369)",POSITIVE,0.999607264995575,POSITIVE,0.936850368976593
2020-05-23,Top 5 Things to Watch in Markets in the Week Ahead,"By Deena Beasley
(Reuters) - The U.S. National Institutes of Health (NIH) said on Friday peer-reviewed data published in the New England Journal of Medicine show that Gilead...",top 5 things to watch in markets in the week ahead,by deena beasley reuters  the us national institutes of health nih said on friday peerreviewed data published in the new england journal of medicine show that gilead,"Sentence: ""top 5 things to watch in markets in the week ahead"" → POSITIVE (0.9996)","Sentence: ""by deena beasley reuters the us national institutes of health nih said on friday peerreviewed data published in the new england journal of medicine show that gilead"" → NEGATIVE (0.8964)",POSITIVE,0.999607264995575,NEGATIVE,-0.896382749080658
2020-05-20,Top 5 Things to Watch in Markets in the Week Ahead,"By Sarah N. Lynch
WASHINGTON (Reuters) - President Donald Trump's purge of several internal watchdogs at U.S. agencies could hobble anti-fraud oversight for the $3 trillion in...",top 5 things to watch in markets in the week ahead,by sarah n lynch washington reuters  president donald trumps purge of several internal watchdogs at us agencies could hobble antifraud oversight for the 3 trillion in,"Sentence: ""top 5 things to watch in markets in the week ahead"" → POSITIVE (0.9996)","Sentence: ""by sarah n lynch washington reuters president donald trumps purge of several internal watchdogs at us agencies could hobble antifraud oversight for the 3 trillion in"" → NEGATIVE (0.9928)",POSITIVE,0.999607264995575,NEGATIVE,-0.9927759170532227
2020-05-18,Top 5 Things to Watch in Markets in the Week Ahead,"By Kirsty Needham
SYDNEY (Reuters) - A draft resolution pushed by the European Union and Australia calling for an independent review into the origins and spread of the coronavirus...",top 5 things to watch in markets in the week ahead,by kirsty needham sydney reuters  a draft resolution pushed by the european union and australia calling for an independent review into the origins and spread of the coronavirus,"Sentence: ""top 5 things to watch in markets in the week ahead"" → POSITIVE (0.9996)","Sentence: ""by kirsty needham sydney reuters a draft resolution pushed by the european union and australia calling for an independent review into the origins and spread of the coronavirus"" → NEGATIVE (0.8778)",POSITIVE,0.999607264995575,NEGATIVE,-0.8777680397033691
2020-05-13,Top 5 Things to Watch in Markets in the Week Ahead,"By Yawen Chen and Ryan Woo
BEIJING (Reuters) - Authorities in the Chinese city where the novel coronavirus emerged launched an ambitious campaign on Wednesday to test all of its 11...",top 5 things to watch in markets in the week ahead,by yawen chen and ryan woo beijing reuters  authorities in the chinese city where the novel coronavirus emerged launched an ambitious campaign on wednesday to test all of its 11,"Sentence: ""top 5 things to watch in markets in the week ahead"" → POSITIVE (0.9996)","Sentence: ""by yawen chen and ryan woo beijing reuters authorities in the chinese city where the novel coronavirus emerged launched an ambitious campaign on wednesday to test all of its 11"" → POSITIVE (0.7451)",POSITIVE,0.999607264995575,POSITIVE,0.7451210021972656
2020-05-12,Top 5 Things to Watch in Markets in the Week Ahead,"By Deena Beasley
(Reuters) - Global alarm was sounded on Monday over a potential second wave of coronavirus infections after Germany reported that the reproduction rate of the...",top 5 things to watch in markets in the week ahead,by deena beasley reuters  global alarm was sounded on monday over a potential second wave of coronavirus infections after germany reported that the reproduction rate of the,"Sentence: ""top 5 things to watch in markets in the week ahead"" → POSITIVE (0.9996)","Sentence: ""by deena beasley reuters global alarm was sounded on monday over a potential second wave of coronavirus infections after germany reported that the reproduction rate of the"" → NEGATIVE (0.9937)",POSITIVE,0.999607264995575,NEGATIVE,-0.9937375783920288
2020-05-11,Top 5 Things to Watch in Markets in the Week Ahead,"By Lisa Shumaker
(Reuters) - U.S. coronavirus deaths topped 80,000 on Monday, according to a Reuters tally, as nearly all states have taken steps to relax lockdown measures.
Deaths...",top 5 things to watch in markets in the week ahead,by lisa shumaker reuters  us coronavirus deaths topped 80000 on monday according to a reuters tally as nearly all states have taken steps to relax lockdown measures deaths,"Sentence: ""top 5 things to watch in markets in the week ahead"" → POSITIVE (0.9996)","Sentence: ""by lisa shumaker reuters us coronavirus deaths topped 80000 on monday according to a reuters tally as nearly all states have taken steps to relax lockdown measures deaths"" → NEGATIVE (0.9876)",POSITIVE,0.999607264995575,NEGATIVE,-0.9876310229301453
2020-05-11,Dow Futures Move Higher As Investors Brace for Earnings,"By Elizabeth Culliford
(Reuters) - Twitter Inc (N:TWTR) will add labels and warning messages on some tweets with disputed or misleading information about COVID-19, the company...",dow futures move higher as investors brace for earnings,by elizabeth culliford reuters  twitter inc ntwtr will add labels and warning messages on some tweets with disputed or misleading information about covid19 the company,"Sentence: ""dow futures move higher as investors brace for earnings"" → NEGATIVE (0.9324)","Sentence: ""by elizabeth culliford reuters twitter inc ntwtr will add labels and warning messages on some tweets with disputed or misleading information about covid19 the company"" → NEGATIVE (0.9998)",NEGATIVE,-0.9323559403419495,NEGATIVE,-0.9997566342353821
2020-05-11,Oil Rises as OPEC+ Members Voice Support For Supply Cut,"By Nancy Lapid
NEW YORK (Reuters) - The following is a brief roundup of the latest scientific studies on the novel coronavirus and efforts to find treatments and vaccines for...",oil rises as opec members voice support for supply cut,by nancy lapid new york reuters  the following is a brief roundup of the latest scientific studies on the novel coronavirus and efforts to find treatments and vaccines for,"Sentence: ""oil rises as opec members voice support for supply cut"" → POSITIVE (0.8193)","Sentence: ""by nancy lapid new york reuters the following is a brief roundup of the latest scientific studies on the novel coronavirus and efforts to find treatments and vaccines for"" → POSITIVE (0.788)",POSITIVE,0.819317638874054,POSITIVE,0.7880273461341858
2020-05-04,Top 5 Things to Watch in Markets in the Week Ahead,"By Gavin Jones
ROME (Reuters) - Italy's coronavirus death toll is much higher than reported, statistics bureau ISTAT said on Monday in an analysis pointing to thousands of...",top 5 things to watch in markets in the week ahead,by gavin jones rome reuters  italys coronavirus death toll is much higher than reported statistics bureau istat said on monday in an analysis pointing to thousands of,"Sentence: ""top 5 things to watch in markets in the week ahead"" → POSITIVE (0.9996)","Sentence: ""by gavin jones rome reuters italys coronavirus death toll is much higher than reported statistics bureau istat said on monday in an analysis pointing to thousands of"" → NEGATIVE (0.9958)",POSITIVE,0.999607264995575,NEGATIVE,-0.9957501888275146
2020-05-04,Dow Futures Move Higher As Investors Brace for Earnings,"By Gwladys Fouche
OSLO (Reuters) - Norway will give $1 billion to support the distribution worldwide of any vaccine developed against COVID-19 as well as for vaccines against other...",dow futures move higher as investors brace for earnings,by gwladys fouche oslo reuters  norway will give 1 billion to support the distribution worldwide of any vaccine developed against covid19 as well as for vaccines against other,"Sentence: ""dow futures move higher as investors brace for earnings"" → NEGATIVE (0.9324)","Sentence: ""by gwladys fouche oslo reuters norway will give 1 billion to support the distribution worldwide of any vaccine developed against covid19 as well as for vaccines against other"" → POSITIVE (0.8876)",NEGATIVE,-0.9323559403419495,POSITIVE,0.8876270055770874
2020-05-02,Top 5 Things to Watch in Markets in the Week Ahead,"By Roberto Ramirez
ECATEPEC, Mexico (Reuters) - Families in a poor satellite city of Mexico's capital with one of the country's most number of coronavirus cases have protested to...",top 5 things to watch in markets in the week ahead,by roberto ramirez ecatepec mexico reuters  families in a poor satellite city of mexicos capital with one of the countrys most number of coronavirus cases have protested to,"Sentence: ""top 5 things to watch in markets in the week ahead"" → POSITIVE (0.9996)","Sentence: ""by roberto ramirez ecatepec mexico reuters families in a poor satellite city of mexicos capital with one of the countrys most number of coronavirus cases have protested to"" → NEGATIVE (0.8191)",POSITIVE,0.999607264995575,NEGATIVE,-0.8191232085227966
2020-05-02,Top 5 Things to Watch in Markets in the Week Ahead,"By Peter Nurse and Kim Khan
Investing.com – Rolling updates on the latest developments and headlines from around the world on the Covid-19 pandemic.
3:10 PM ET: Trump Wants ‘a Lot’...",top 5 things to watch in markets in the week ahead,by peter nurse and kim khan investingcom  rolling updates on the latest developments and headlines from around the world on the covid19 pandemic 310 pm et trump wants a lot,"Sentence: ""top 5 things to watch in markets in the week ahead"" → POSITIVE (0.9996)","Sentence: ""by peter nurse and kim khan investingcom rolling updates on the latest developments and headlines from around the world on the covid19 pandemic 310 pm et trump wants a lot"" → POSITIVE (0.8847)",POSITIVE,0.999607264995575,POSITIVE,0.8846628665924072
2020-04-30,Top 5 Things to Watch in Markets in the Week Ahead,"By Peter Nurse and Kim Khan
Investing.com – Rolling updates on the latest developments and headlines from around the world on the Covid-19 pandemic.
2:00 PM ET: U.S. Won’t Cancel...",top 5 things to watch in markets in the week ahead,by peter nurse and kim khan investingcom  rolling updates on the latest developments and headlines from around the world on the covid19 pandemic 200 pm et us wont cancel,"Sentence: ""top 5 things to watch in markets in the week ahead"" → POSITIVE (0.9996)","Sentence: ""by peter nurse and kim khan investingcom rolling updates on the latest developments and headlines from around the world on the covid19 pandemic 200 pm et us wont cancel"" → POSITIVE (0.9176)",POSITIVE,0.999607264995575,POSITIVE,0.917616605758667
2020-04-29,Top 5 Things to Watch in Markets in the Week Ahead,"By Deena Beasley and Manas Mishra
(Reuters) - The top U.S. infectious disease official said Gilead Sciences Inc 's experimental antiviral drug remdesivir will become the standard...",top 5 things to watch in markets in the week ahead,by deena beasley and manas mishra reuters  the top us infectious disease official said gilead sciences inc s experimental antiviral drug remdesivir will become the standard,"Sentence: ""top 5 things to watch in markets in the week ahead"" → POSITIVE (0.9996)","Sentence: ""by deena beasley and manas mishra reuters the top us infectious disease official said gilead sciences inc s experimental antiviral drug remdesivir will become the standard"" → POSITIVE (0.9983)",POSITIVE,0.999607264995575,POSITIVE,0.9983150959014893
2020-04-29,Dow Futures Move Higher As Investors Brace for Earnings,"By David Morgan
WASHINGTON (Reuters) - Congressional Democrats on Wednesday proposed a bill that would require a U.S. coronavirus supply czar to oversee critical medical supplies,...",dow futures move higher as investors brace for earnings,by david morgan washington reuters  congressional democrats on wednesday proposed a bill that would require a us coronavirus supply czar to oversee critical medical supplies,"Sentence: ""dow futures move higher as investors brace for earnings"" → NEGATIVE (0.9324)","Sentence: ""by david morgan washington reuters congressional democrats on wednesday proposed a bill that would require a us coronavirus supply czar to oversee critical medical supplies"" → NEGATIVE (0.9941)",NEGATIVE,-0.9323559403419495,NEGATIVE,-0.9941002726554871
2020-04-29,Top 5 Things to Watch in Markets in the Week Ahead,"By Gina Lee, Peter Nurse and Kim Khan
Investing.com – Rolling updates on the latest developments and headlines from around the world on the Covid-19 pandemic.
(3:00 PM ET)...",top 5 things to watch in markets in the week ahead,by gina lee peter nurse and kim khan investingcom  rolling updates on the latest developments and headlines from around the world on the covid19 pandemic 300 pm et,"Sentence: ""top 5 things to watch in markets in the week ahead"" → POSITIVE (0.9996)","Sentence: ""by gina lee peter nurse and kim khan investingcom rolling updates on the latest developments and headlines from around the world on the covid19 pandemic 300 pm et"" → POSITIVE (0.9671)",POSITIVE,0.999607264995575,POSITIVE,0.9670777320861816
2020-04-29,Dow Futures Move Higher As Investors Brace for Earnings,"By Elizabeth Culliford
(Reuters) - Twitter Inc (NYSE:TWTR) will grant researchers and software developers access to a real-time data stream of tens of millions of daily public...",dow futures move higher as investors brace for earnings,by elizabeth culliford reuters  twitter inc nysetwtr will grant researchers and software developers access to a realtime data stream of tens of millions of daily public,"Sentence: ""dow futures move higher as investors brace for earnings"" → NEGATIVE (0.9324)","Sentence: ""by elizabeth culliford reuters twitter inc nysetwtr will grant researchers and software developers access to a realtime data stream of tens of millions of daily public"" → POSITIVE (0.9693)",NEGATIVE,-0.9323559403419495,POSITIVE,0.969282865524292
2020-04-28,Top 5 Things to Watch in Markets in the Week Ahead,"By Barani Krishnan 
Investing.com - Gold prices dipped for a third-straight day as bullion’s biggest movers stayed to the sidelines watching the gradual reopening of business in...",top 5 things to watch in markets in the week ahead,by barani krishnan  investingcom  gold prices dipped for a thirdstraight day as bullions biggest movers stayed to the sidelines watching the gradual reopening of business in,"Sentence: ""top 5 things to watch in markets in the week ahead"" → POSITIVE (0.9996)","Sentence: ""by barani krishnan investingcom gold prices dipped for a thirdstraight day as bullions biggest movers stayed to the sidelines watching the gradual reopening of business in"" → NEGATIVE (0.9959)",POSITIVE,0.999607264995575,NEGATIVE,-0.995881199836731
2020-04-28,Dow Futures Move Higher As Investors Brace for Earnings,"By Gina Lee, Peter Nurse and Kim Khan 
Investing.com - Drugmaker Pfizer (NYSE:PFE) could have a vaccine for Covid-19 to use in emergencies by the fall if testing goes well,...",dow futures move higher as investors brace for earnings,by gina lee peter nurse and kim khan  investingcom  drugmaker pfizer nysepfe could have a vaccine for covid19 to use in emergencies by the fall if testing goes well,"Sentence: ""dow futures move higher as investors brace for earnings"" → NEGATIVE (0.9324)","Sentence: ""by gina lee peter nurse and kim khan investingcom drugmaker pfizer nysepfe could have a vaccine for covid19 to use in emergencies by the fall if testing goes well"" → NEGATIVE (0.9369)",NEGATIVE,-0.9323559403419495,NEGATIVE,-0.9368764162063599
2020-04-28,Top 5 Things to Watch in Markets in the Week Ahead,"By Steve Holland and Doina Chiacu
WASHINGTON (Reuters) - U.S. President Donald Trump's pause in holding White House coronavirus briefings only lasted the weekend as he took center...",top 5 things to watch in markets in the week ahead,by steve holland and doina chiacu washington reuters  us president donald trumps pause in holding white house coronavirus briefings only lasted the weekend as he took center,"Sentence: ""top 5 things to watch in markets in the week ahead"" → POSITIVE (0.9996)","Sentence: ""by steve holland and doina chiacu washington reuters us president donald trumps pause in holding white house coronavirus briefings only lasted the weekend as he took center"" → NEGATIVE (0.9959)",POSITIVE,0.999607264995575,NEGATIVE,-0.9958594441413879
2020-04-28,Dow Futures Move Higher As Investors Brace for Earnings,"By Nathan Layne and Maria Caspani
(Reuters) - New York Governor Andrew Cuomo said on Monday his stay-at-home order will likely be extended beyond May 15 in many parts of the state,...",dow futures move higher as investors brace for earnings,by nathan layne and maria caspani reuters  new york governor andrew cuomo said on monday his stayathome order will likely be extended beyond may 15 in many parts of the state,"Sentence: ""dow futures move higher as investors brace for earnings"" → NEGATIVE (0.9324)","Sentence: ""by nathan layne and maria caspani reuters new york governor andrew cuomo said on monday his stayathome order will likely be extended beyond may 15 in many parts of the state"" → NEGATIVE (0.9716)",NEGATIVE,-0.9323559403419495,NEGATIVE,-0.971626341342926
2020-04-27,Oil Rises as OPEC+ Members Voice Support For Supply Cut,"By Gina Lee, Peter Nurse and Kim Khan
Investing.com – Certain areas of New York state will reopen in the middle of next month, Governor Andrew Cuomo said Monday.
General Motors...",oil rises as opec members voice support for supply cut,by gina lee peter nurse and kim khan investingcom  certain areas of new york state will reopen in the middle of next month governor andrew cuomo said monday general motors,"Sentence: ""oil rises as opec members voice support for supply cut"" → POSITIVE (0.8193)","Sentence: ""by gina lee peter nurse and kim khan investingcom certain areas of new york state will reopen in the middle of next month governor andrew cuomo said monday general motors"" → NEGATIVE (0.9944)",POSITIVE,0.819317638874054,NEGATIVE,-0.9943698048591614
2020-04-27,Top 5 Things to Watch in Markets in the Week Ahead,"By Tina Bellon
NEW YORK (Reuters) - New York City, the epicenter of the U.S. coronavirus outbreak, will close some streets to vehicle traffic, expand sidewalks and create temporary...",top 5 things to watch in markets in the week ahead,by tina bellon new york reuters  new york city the epicenter of the us coronavirus outbreak will close some streets to vehicle traffic expand sidewalks and create temporary,"Sentence: ""top 5 things to watch in markets in the week ahead"" → POSITIVE (0.9996)","Sentence: ""by tina bellon new york reuters new york city the epicenter of the us coronavirus outbreak will close some streets to vehicle traffic expand sidewalks and create temporary"" → NEGATIVE (0.796)",POSITIVE,0.999607264995575,NEGATIVE,-0.7959670424461365
2020-04-24,Top 5 Things to Watch in Markets in the Week Ahead,"By Gina Lee, Peter Nurse and Kim Khan
Investing.com - President Donald Trump signed Friday the fourth U.S. stimulus package to aid the economy during the Covid-19 pandemic.
And...",top 5 things to watch in markets in the week ahead,by gina lee peter nurse and kim khan investingcom  president donald trump signed friday the fourth us stimulus package to aid the economy during the covid19 pandemic and,"Sentence: ""top 5 things to watch in markets in the week ahead"" → POSITIVE (0.9996)","Sentence: ""by gina lee peter nurse and kim khan investingcom president donald trump signed friday the fourth us stimulus package to aid the economy during the covid19 pandemic and"" → POSITIVE (0.7765)",POSITIVE,0.999607264995575,POSITIVE,0.7765156030654907
2020-04-23,Top 5 Things to Watch in Markets in the Week Ahead,"By Gina Lee, Peter Nurse and Kim Khan
Investing.com – New York state showed an infection rate from Covid-19 of nearly 14%, the governor said Thursday.
Another round of...",top 5 things to watch in markets in the week ahead,by gina lee peter nurse and kim khan investingcom  new york state showed an infection rate from covid19 of nearly 14 the governor said thursday another round of,"Sentence: ""top 5 things to watch in markets in the week ahead"" → POSITIVE (0.9996)","Sentence: ""by gina lee peter nurse and kim khan investingcom new york state showed an infection rate from covid19 of nearly 14 the governor said thursday another round of"" → NEGATIVE (0.9999)",POSITIVE,0.999607264995575,NEGATIVE,-0.9998700618743896
2020-04-23,Top 5 Things to Watch in Markets in the Week Ahead,"By Brad Brooks and Andrew Hay
(Reuters) - Each day, hundreds of residents of Galveston County, Texas, are tested for the new coronavirus. Free diagnostic tests are being offered to...",top 5 things to watch in markets in the week ahead,by brad brooks and andrew hay reuters  each day hundreds of residents of galveston county texas are tested for the new coronavirus free diagnostic tests are being offered to,"Sentence: ""top 5 things to watch in markets in the week ahead"" → POSITIVE (0.9996)","Sentence: ""by brad brooks and andrew hay reuters each day hundreds of residents of galveston county texas are tested for the new coronavirus free diagnostic tests are being offered to"" → POSITIVE (0.9859)",POSITIVE,0.999607264995575,POSITIVE,0.9858701229095459
2020-04-22,Top 5 Things to Watch in Markets in the Week Ahead,"By Gina Lee, Peter Nurse and Kim Khan
Investing.com - Former New York Mayor Michael Bloomberg will be working on a Covid-19 testing/tracing program for New York, Connecticut and...",top 5 things to watch in markets in the week ahead,by gina lee peter nurse and kim khan investingcom  former new york mayor michael bloomberg will be working on a covid19 testingtracing program for new york connecticut and,"Sentence: ""top 5 things to watch in markets in the week ahead"" → POSITIVE (0.9996)","Sentence: ""by gina lee peter nurse and kim khan investingcom former new york mayor michael bloomberg will be working on a covid19 testingtracing program for new york connecticut and"" → POSITIVE (0.9734)",POSITIVE,0.999607264995575,POSITIVE,0.9734476208686829
2020-04-22,Top 5 Things to Watch in Markets in the Week Ahead,"By Doina Chiacu and Steve Holland
WASHINGTON (Reuters) - President Donald Trump and New York Governor Andrew Cuomo, two prominent figures in the U.S. coronavirus crisis who are...",top 5 things to watch in markets in the week ahead,by doina chiacu and steve holland washington reuters  president donald trump and new york governor andrew cuomo two prominent figures in the us coronavirus crisis who are,"Sentence: ""top 5 things to watch in markets in the week ahead"" → POSITIVE (0.9996)","Sentence: ""by doina chiacu and steve holland washington reuters president donald trump and new york governor andrew cuomo two prominent figures in the us coronavirus crisis who are"" → POSITIVE (0.965)",POSITIVE,0.999607264995575,POSITIVE,0.9649721384048462
2020-04-22,Dow Futures Move Higher As Investors Brace for Earnings,"By Farah Master
HONG KONG (Reuters) - Demand for plant-based protein foods is surging in Asia, suppliers say, as suspicion over possible links between wild animal meat and the new...",dow futures move higher as investors brace for earnings,by farah master hong kong reuters  demand for plantbased protein foods is surging in asia suppliers say as suspicion over possible links between wild animal meat and the new,"Sentence: ""dow futures move higher as investors brace for earnings"" → NEGATIVE (0.9324)","Sentence: ""by farah master hong kong reuters demand for plantbased protein foods is surging in asia suppliers say as suspicion over possible links between wild animal meat and the new"" → NEGATIVE (0.6496)",NEGATIVE,-0.9323559403419495,NEGATIVE,-0.6495659947395325
2020-04-22,Oil Rises as OPEC+ Members Voice Support For Supply Cut,"By Deena Beasley
(Reuters) - An old malaria drug touted by U.S. President Donald Trump as a ""game changer"" in the fight against the coronavirus provided no benefit and potentially...",oil rises as opec members voice support for supply cut,by deena beasley reuters  an old malaria drug touted by us president donald trump as a game changer in the fight against the coronavirus provided no benefit and potentially,"Sentence: ""oil rises as opec members voice support for supply cut"" → POSITIVE (0.8193)","Sentence: ""by deena beasley reuters an old malaria drug touted by us president donald trump as a game changer in the fight against the coronavirus provided no benefit and potentially"" → NEGATIVE (0.9997)",POSITIVE,0.819317638874054,NEGATIVE,-0.9997382760047913
2020-04-21,Top 5 Things to Watch in Markets in the Week Ahead,"By Kim Khan
Investing.com - Details of the next round of federal support for U.S. small businesses emerged Tuesday.
The bill will provide $250 billion more for the Paycheck...",top 5 things to watch in markets in the week ahead,by kim khan investingcom  details of the next round of federal support for us small businesses emerged tuesday the bill will provide 250 billion more for the paycheck,"Sentence: ""top 5 things to watch in markets in the week ahead"" → POSITIVE (0.9996)","Sentence: ""by kim khan investingcom details of the next round of federal support for us small businesses emerged tuesday the bill will provide 250 billion more for the paycheck"" → NEGATIVE (0.9694)",POSITIVE,0.999607264995575,NEGATIVE,-0.9694055914878845
2020-04-21,Top 5 Things to Watch in Markets in the Week Ahead,"By Gina Lee, Peter Nurse and Kim Khan
Investing.com – Hospitalizations in New York state for Covid1-9 are ""basically flat,"" according to its governor. 
The World Health...",top 5 things to watch in markets in the week ahead,by gina lee peter nurse and kim khan investingcom  hospitalizations in new york state for covid19 are basically flat according to its governor  the world health,"Sentence: ""top 5 things to watch in markets in the week ahead"" → POSITIVE (0.9996)","Sentence: ""by gina lee peter nurse and kim khan investingcom hospitalizations in new york state for covid19 are basically flat according to its governor the world health"" → NEGATIVE (1.0)",POSITIVE,0.999607264995575,NEGATIVE,-0.9999791383743286
2020-04-20,Top 5 Things to Watch in Markets in the Week Ahead,"By Gregory Scruggs
OLYMPIA, WA. (Reuters) - An estimated 2,500 people rallied at the Washington state capitol on Sunday to protest Democratic Governor Jay Inslee’s stay-at-home...",top 5 things to watch in markets in the week ahead,by gregory scruggs olympia wa reuters  an estimated 2500 people rallied at the washington state capitol on sunday to protest democratic governor jay inslees stayathome,"Sentence: ""top 5 things to watch in markets in the week ahead"" → POSITIVE (0.9996)","Sentence: ""by gregory scruggs olympia wa reuters an estimated 2500 people rallied at the washington state capitol on sunday to protest democratic governor jay inslees stayathome"" → NEGATIVE (0.9931)",POSITIVE,0.999607264995575,NEGATIVE,-0.9931324124336243
2020-04-16,Top 5 Things to Watch in Markets in the Week Ahead,"By Gina Lee, Peter Nurse and Kim Khan
Investing.com - President Donald Trump will unveil his guidelines for restarting the U.S. economy Thursday evening, and those guidelines will...",top 5 things to watch in markets in the week ahead,by gina lee peter nurse and kim khan investingcom  president donald trump will unveil his guidelines for restarting the us economy thursday evening and those guidelines will,"Sentence: ""top 5 things to watch in markets in the week ahead"" → POSITIVE (0.9996)","Sentence: ""by gina lee peter nurse and kim khan investingcom president donald trump will unveil his guidelines for restarting the us economy thursday evening and those guidelines will"" → POSITIVE (0.929)",POSITIVE,0.999607264995575,POSITIVE,0.9290047287940979
2020-04-16,Top 5 Things to Watch in Markets in the Week Ahead,"By Maria Caspani and Jessica Resnick-Ault
NEW YORK (Reuters) - The death toll from the coronavirus pandemic in the United States approached 31,000 on Wednesday as governors began...",top 5 things to watch in markets in the week ahead,by maria caspani and jessica resnickault new york reuters  the death toll from the coronavirus pandemic in the united states approached 31000 on wednesday as governors began,"Sentence: ""top 5 things to watch in markets in the week ahead"" → POSITIVE (0.9996)","Sentence: ""by maria caspani and jessica resnickault new york reuters the death toll from the coronavirus pandemic in the united states approached 31000 on wednesday as governors began"" → NEGATIVE (0.9707)",POSITIVE,0.999607264995575,NEGATIVE,-0.9706746339797974
2020-04-15,Dow Futures Move Higher As Investors Brace for Earnings,"By Gina Lee, Peter Nurse, Kim Khan and Yasin Ebrahim
Investing.com - Germany will begin reopening its economy next week, while some U.S. states seeing lower impact from the...",dow futures move higher as investors brace for earnings,by gina lee peter nurse kim khan and yasin ebrahim investingcom  germany will begin reopening its economy next week while some us states seeing lower impact from the,"Sentence: ""dow futures move higher as investors brace for earnings"" → NEGATIVE (0.9324)","Sentence: ""by gina lee peter nurse kim khan and yasin ebrahim investingcom germany will begin reopening its economy next week while some us states seeing lower impact from the"" → NEGATIVE (0.5042)",NEGATIVE,-0.9323559403419495,NEGATIVE,-0.504241943359375
2020-04-15,Top 5 Things to Watch in Markets in the Week Ahead,"By Megan Davies
NEW YORK (Reuters) - The coronavirus pandemic and economic shutdowns could have multiple second-order impacts such as deflation in some economies, a loss of output,...",top 5 things to watch in markets in the week ahead,by megan davies new york reuters  the coronavirus pandemic and economic shutdowns could have multiple secondorder impacts such as deflation in some economies a loss of output,"Sentence: ""top 5 things to watch in markets in the week ahead"" → POSITIVE (0.9996)","Sentence: ""by megan davies new york reuters the coronavirus pandemic and economic shutdowns could have multiple secondorder impacts such as deflation in some economies a loss of output"" → NEGATIVE (0.9623)",POSITIVE,0.999607264995575,NEGATIVE,-0.9622536897659302
2020-04-15,Dow Futures Move Higher As Investors Brace for Earnings,"By Tina Bellon
(Reuters) - Uber Technologies (NYSE:UBER) Inc on Wednesday said customers in New York City and the Miami area could now order restaurant meal deliveries over the...",dow futures move higher as investors brace for earnings,by tina bellon reuters  uber technologies nyseuber inc on wednesday said customers in new york city and the miami area could now order restaurant meal deliveries over the,"Sentence: ""dow futures move higher as investors brace for earnings"" → NEGATIVE (0.9324)","Sentence: ""by tina bellon reuters uber technologies nyseuber inc on wednesday said customers in new york city and the miami area could now order restaurant meal deliveries over the"" → NEGATIVE (0.9974)",NEGATIVE,-0.9323559403419495,NEGATIVE,-0.9974262118339539
2020-04-14,Top 5 Things to Watch in Markets in the Week Ahead,"By Gina Lee, Geoffrey Smith and Kim Khan
Investing.com - A May 1 restart to the U.S. economy may be “a bit overly optimistic,” Anthony Fauci, head of the National...",top 5 things to watch in markets in the week ahead,by gina lee geoffrey smith and kim khan investingcom  a may 1 restart to the us economy may be a bit overly optimistic anthony fauci head of the national,"Sentence: ""top 5 things to watch in markets in the week ahead"" → POSITIVE (0.9996)","Sentence: ""by gina lee geoffrey smith and kim khan investingcom a may 1 restart to the us economy may be a bit overly optimistic anthony fauci head of the national"" → NEGATIVE (0.9498)",POSITIVE,0.999607264995575,NEGATIVE,-0.9498102068901062
2020-04-13,Top 5 Things to Watch in Markets in the Week Ahead,"By Isla Binnie
MADRID (Reuters) - A factory in northern Spain that makes gearboxes for wind turbines welcomed back workers on Monday after a two-week lockdown across the country to...",top 5 things to watch in markets in the week ahead,by isla binnie madrid reuters  a factory in northern spain that makes gearboxes for wind turbines welcomed back workers on monday after a twoweek lockdown across the country to,"Sentence: ""top 5 things to watch in markets in the week ahead"" → POSITIVE (0.9996)","Sentence: ""by isla binnie madrid reuters a factory in northern spain that makes gearboxes for wind turbines welcomed back workers on monday after a twoweek lockdown across the country to"" → POSITIVE (0.6071)",POSITIVE,0.999607264995575,POSITIVE,0.6070513129234314
2020-04-11,Top 5 Things to Watch in Markets in the Week Ahead,"By Jeff Mason
WASHINGTON (Reuters) - President Donald Trump said on Friday he faced his biggest decision yet with regard to when to re-open the U.S. economy from its coronavirus...",top 5 things to watch in markets in the week ahead,by jeff mason washington reuters  president donald trump said on friday he faced his biggest decision yet with regard to when to reopen the us economy from its coronavirus,"Sentence: ""top 5 things to watch in markets in the week ahead"" → POSITIVE (0.9996)","Sentence: ""by jeff mason washington reuters president donald trump said on friday he faced his biggest decision yet with regard to when to reopen the us economy from its coronavirus"" → NEGATIVE (0.9992)",POSITIVE,0.999607264995575,NEGATIVE,-0.999210000038147
2020-04-09,Top 5 Things to Watch in Markets in the Week Ahead,"By Gina Lee, Geoffrey Smith and Kim Khan
Investing.com - U.S. Treasury Secretary Steve Mnuchin said Thursday the U.S. economy could open up next month, while Federal Reserve...",top 5 things to watch in markets in the week ahead,by gina lee geoffrey smith and kim khan investingcom  us treasury secretary steve mnuchin said thursday the us economy could open up next month while federal reserve,"Sentence: ""top 5 things to watch in markets in the week ahead"" → POSITIVE (0.9996)","Sentence: ""by gina lee geoffrey smith and kim khan investingcom us treasury secretary steve mnuchin said thursday the us economy could open up next month while federal reserve"" → NEGATIVE (0.8911)",POSITIVE,0.999607264995575,NEGATIVE,-0.8910893201828003
2020-04-08,Top 5 Things to Watch in Markets in the Week Ahead,"By Gina Lee, Geoffrey Smith and Kim Khan
Investing.com - Social Distancing is working in New York state and the curve of the coronavirus is flattening, New York Governor Andrew...",top 5 things to watch in markets in the week ahead,by gina lee geoffrey smith and kim khan investingcom  social distancing is working in new york state and the curve of the coronavirus is flattening new york governor andrew,"Sentence: ""top 5 things to watch in markets in the week ahead"" → POSITIVE (0.9996)","Sentence: ""by gina lee geoffrey smith and kim khan investingcom social distancing is working in new york state and the curve of the coronavirus is flattening new york governor andrew"" → NEGATIVE (0.9132)",POSITIVE,0.999607264995575,NEGATIVE,-0.9131559133529663
2020-04-06,Top 5 Things to Watch in Markets in the Week Ahead,"By Michael Erman
(Reuters) - CVS Health Corp (N:CVS), called on by the Trump administration last month to help test Americans for infections from the new coronavirus, said it was...",top 5 things to watch in markets in the week ahead,by michael erman reuters  cvs health corp ncvs called on by the trump administration last month to help test americans for infections from the new coronavirus said it was,"Sentence: ""top 5 things to watch in markets in the week ahead"" → POSITIVE (0.9996)","Sentence: ""by michael erman reuters cvs health corp ncvs called on by the trump administration last month to help test americans for infections from the new coronavirus said it was"" → NEGATIVE (0.8727)",POSITIVE,0.999607264995575,NEGATIVE,-0.8727417588233948
2020-04-06,Top 5 Things to Watch in Markets in the Week Ahead,"By Patpicha Tanakasempipat
BANGKOK (Reuters) - The United States had no knowledge of a shipment of face masks bound for Germany that officials in Berlin have accused it of...",top 5 things to watch in markets in the week ahead,by patpicha tanakasempipat bangkok reuters  the united states had no knowledge of a shipment of face masks bound for germany that officials in berlin have accused it of,"Sentence: ""top 5 things to watch in markets in the week ahead"" → POSITIVE (0.9996)","Sentence: ""by patpicha tanakasempipat bangkok reuters the united states had no knowledge of a shipment of face masks bound for germany that officials in berlin have accused it of"" → NEGATIVE (0.9991)",POSITIVE,0.999607264995575,NEGATIVE,-0.9991119503974915
2020-04-05,Top 5 Things to Watch in Markets in the Week Ahead,"By Dan Burns
(Reuters) - The job losses suffered in March as the U.S. economy shut down in the face of the novel coronavirus pandemic were widespread but still were...",top 5 things to watch in markets in the week ahead,by dan burns reuters  the job losses suffered in march as the us economy shut down in the face of the novel coronavirus pandemic were widespread but still were,"Sentence: ""top 5 things to watch in markets in the week ahead"" → POSITIVE (0.9996)","Sentence: ""by dan burns reuters the job losses suffered in march as the us economy shut down in the face of the novel coronavirus pandemic were widespread but still were"" → NEGATIVE (0.9964)",POSITIVE,0.999607264995575,NEGATIVE,-0.9963639378547668
2020-04-03,Top 5 Things to Watch in Markets in the Week Ahead,"By Alexander Marrow
MOSCOW (Reuters) - President Vladimir Putin on Friday accepted the third resignation of a regional governor within two days after calling on Russia's far-flung...",top 5 things to watch in markets in the week ahead,by alexander marrow moscow reuters  president vladimir putin on friday accepted the third resignation of a regional governor within two days after calling on russias farflung,"Sentence: ""top 5 things to watch in markets in the week ahead"" → POSITIVE (0.9996)","Sentence: ""by alexander marrow moscow reuters president vladimir putin on friday accepted the third resignation of a regional governor within two days after calling on russias farflung"" → NEGATIVE (0.9971)",POSITIVE,0.999607264995575,NEGATIVE,-0.9971407651901245
2020-04-03,Dow Futures Move Higher As Investors Brace for Earnings,"By Nathan Layne and Maria Caspani
NEW YORK (Reuters) - New York suffered its deadliest single day from the novel coronavirus, with 562 additional deaths in the last 24 hours for a...",dow futures move higher as investors brace for earnings,by nathan layne and maria caspani new york reuters  new york suffered its deadliest single day from the novel coronavirus with 562 additional deaths in the last 24 hours for a,"Sentence: ""dow futures move higher as investors brace for earnings"" → NEGATIVE (0.9324)","Sentence: ""by nathan layne and maria caspani new york reuters new york suffered its deadliest single day from the novel coronavirus with 562 additional deaths in the last 24 hours for a"" → NEGATIVE (0.9999)",NEGATIVE,-0.9323559403419495,NEGATIVE,-0.9999338388442993
2020-04-03,Top 5 Things to Watch in Markets in the Week Ahead,"By Shrutee Sarkar and Rahul Karunakar
BENGALURU (Reuters) - The global recession that economists polled by Reuters say is under way will be deeper than thought a few weeks ago due...",top 5 things to watch in markets in the week ahead,by shrutee sarkar and rahul karunakar bengaluru reuters  the global recession that economists polled by reuters say is under way will be deeper than thought a few weeks ago due,"Sentence: ""top 5 things to watch in markets in the week ahead"" → POSITIVE (0.9996)","Sentence: ""by shrutee sarkar and rahul karunakar bengaluru reuters the global recession that economists polled by reuters say is under way will be deeper than thought a few weeks ago due"" → NEGATIVE (0.8499)",POSITIVE,0.999607264995575,NEGATIVE,-0.8498851656913757
2020-04-01,Top 5 Things to Watch in Markets in the Week Ahead,"By Susan Cornwell
WASHINGTON (Reuters) - U.S. House Speaker Nancy Pelosi said on Wednesday she wants to virus-proof the November election by including funding to boost voting by...",top 5 things to watch in markets in the week ahead,by susan cornwell washington reuters  us house speaker nancy pelosi said on wednesday she wants to virusproof the november election by including funding to boost voting by,"Sentence: ""top 5 things to watch in markets in the week ahead"" → POSITIVE (0.9996)","Sentence: ""by susan cornwell washington reuters us house speaker nancy pelosi said on wednesday she wants to virusproof the november election by including funding to boost voting by"" → NEGATIVE (0.9953)",POSITIVE,0.999607264995575,NEGATIVE,-0.9952534437179565
2020-04-01,Top 5 Things to Watch in Markets in the Week Ahead,"By Eric Onstad
LONDON (Reuters) - The coronavirus pandemic is battering the global steel sector as huge swathes of industry that use steel shut down, with Europe hardest hit since...",top 5 things to watch in markets in the week ahead,by eric onstad london reuters  the coronavirus pandemic is battering the global steel sector as huge swathes of industry that use steel shut down with europe hardest hit since,"Sentence: ""top 5 things to watch in markets in the week ahead"" → POSITIVE (0.9996)","Sentence: ""by eric onstad london reuters the coronavirus pandemic is battering the global steel sector as huge swathes of industry that use steel shut down with europe hardest hit since"" → NEGATIVE (0.9921)",POSITIVE,0.999607264995575,NEGATIVE,-0.9921243786811829
2020-04-01,Dow Futures Move Higher As Investors Brace for Earnings,"By Martin Quin Pollard
BEIJING (Reuters) - A team of Chinese scientists has isolated several antibodies that it says are ""extremely effective"" at blocking the ability of the new...",dow futures move higher as investors brace for earnings,by martin quin pollard beijing reuters  a team of chinese scientists has isolated several antibodies that it says are extremely effective at blocking the ability of the new,"Sentence: ""dow futures move higher as investors brace for earnings"" → NEGATIVE (0.9324)","Sentence: ""by martin quin pollard beijing reuters a team of chinese scientists has isolated several antibodies that it says are extremely effective at blocking the ability of the new"" → NEGATIVE (0.9961)",NEGATIVE,-0.9323559403419495,NEGATIVE,-0.9961206316947937
2020-03-31,Top 5 Things to Watch in Markets in the Week Ahead,"By Doina Chiacu
WASHINGTON (Reuters) - U.S. health officials said on Tuesday they are discussing whether to recommend that the general public wear face masks as a way to prevent...",top 5 things to watch in markets in the week ahead,by doina chiacu washington reuters  us health officials said on tuesday they are discussing whether to recommend that the general public wear face masks as a way to prevent,"Sentence: ""top 5 things to watch in markets in the week ahead"" → POSITIVE (0.9996)","Sentence: ""by doina chiacu washington reuters us health officials said on tuesday they are discussing whether to recommend that the general public wear face masks as a way to prevent"" → NEGATIVE (0.9962)",POSITIVE,0.999607264995575,NEGATIVE,-0.9961993098258972
