,Date,Title,Text,Processed Title,Processed Text,Sentiment Title,Sentiment Text,Positive Title,Positive Text
0,"Apr 24, 2022",Top 5 Things to Watch in Markets in the Week Ahead,"By Gina Lee
Investing.com -- Oil was mixed on Tuesday morning in Asia, with a sudden fall in Libyan supplies adding to concerns about a tight market. Investors also continue to...",top 5 things to watch in markets in the week ahead,by gina lee investingcom  oil was mixed on tuesday morning in asia with a sudden fall in libyan supplies adding to concerns about a tight market investors also continue to,"{'neg': 0.0, 'neu': 0.833, 'pos': 0.167, 'compound': 0.2023}","{'neg': 0.0, 'neu': 1.0, 'pos': 0.0, 'compound': 0.0}",True,False
1,"Mar 23, 2022",Top 5 Things to Watch in Markets in the Week Ahead,"By Yasin Ebrahim
Investing.com -- U.S. crude stockpiles dropped sharply last week, snapping two-weeks of gains at a time when fears of a supply shortage are receding amid fading...",top 5 things to watch in markets in the week ahead,by yasin ebrahim investingcom  us crude stockpiles dropped sharply last week snapping twoweeks of gains at a time when fears of a supply shortage are receding amid fading,"{'neg': 0.0, 'neu': 0.833, 'pos': 0.167, 'compound': 0.2023}","{'neg': 0.258, 'neu': 0.669, 'pos': 0.073, 'compound': -0.7269}",True,False
2,"Dec 13, 2021",Top 5 Things to Watch in Markets in the Week Ahead,"By Alistair Smout
LONDON (Reuters) -Booster COVID-19 shots significantly restore protection against mild disease caused by the Omicron variant, in part reversing an otherwise steep...",top 5 things to watch in markets in the week ahead,by alistair smout london reuters booster covid19 shots significantly restore protection against mild disease caused by the omicron variant in part reversing an otherwise steep,"{'neg': 0.0, 'neu': 0.833, 'pos': 0.167, 'compound': 0.2023}","{'neg': 0.0, 'neu': 0.916, 'pos': 0.084, 'compound': 0.296}",True,True
3,"Dec 03, 2021",Top 5 Things to Watch in Markets in the Week Ahead,"By Trevor Hunnicutt
WASHINGTON (Reuters) - The United States on Wednesday identified its first known case of Omicron, discovered in a fully vaccinated patient who traveled to South...",top 5 things to watch in markets in the week ahead,by trevor hunnicutt washington reuters  the united states on wednesday identified its first known case of omicron discovered in a fully vaccinated patient who traveled to south,"{'neg': 0.0, 'neu': 0.833, 'pos': 0.167, 'compound': 0.2023}","{'neg': 0.0, 'neu': 0.899, 'pos': 0.101, 'compound': 0.4215}",True,True
4,"Nov 11, 2021",Top 5 Things to Watch in Markets in the Week Ahead,"By David Shepardson
WASHINGTON (Reuters) - The U.S. Postal Service raised concerns on Wednesday that the Biden administration's new rules requiring large employers to require...",top 5 things to watch in markets in the week ahead,by david shepardson washington reuters  the us postal service raised concerns on wednesday that the biden administrations new rules requiring large employers to require,"{'neg': 0.0, 'neu': 0.833, 'pos': 0.167, 'compound': 0.2023}","{'neg': 0.0, 'neu': 1.0, 'pos': 0.0, 'compound': 0.0}",True,False
5,"Nov 08, 2021",Top 5 Things to Watch in Markets in the Week Ahead,"By Krisztina Than and Nikolaj Skydsgaard
BUDAPEST (Reuters) - Coronavirus infections are hitting record levels in many countries across Europe as winter takes hold, prompting a...",top 5 things to watch in markets in the week ahead,by krisztina than and nikolaj skydsgaard budapest reuters  coronavirus infections are hitting record levels in many countries across europe as winter takes hold prompting a,"{'neg': 0.0, 'neu': 0.833, 'pos': 0.167, 'compound': 0.2023}","{'neg': 0.0, 'neu': 1.0, 'pos': 0.0, 'compound': 0.0}",True,False
6,"Oct 20, 2021",Top 5 Things to Watch in Markets in the Week Ahead,"By Krishna N. Das
NEW DELHI (Reuters) - India's vaccination campaign has slowed despite amassing record stockpiles of vaccine, health ministry data showed on Monday, as authorities...",top 5 things to watch in markets in the week ahead,by krishna n das new delhi reuters  indias vaccination campaign has slowed despite amassing record stockpiles of vaccine health ministry data showed on monday as authorities,"{'neg': 0.0, 'neu': 0.833, 'pos': 0.167, 'compound': 0.2023}","{'neg': 0.0, 'neu': 1.0, 'pos': 0.0, 'compound': 0.0}",True,False
7,"Aug 18, 2021",Top 5 Things to Watch in Markets in the Week Ahead,"By Peter Nurse   
Investing.com -- Crude oil prices weakened Tuesday, continuing the sharp losses of the previous session on concerns slowing global growth will hit demand in the...",top 5 things to watch in markets in the week ahead,by peter nurse    investingcom  crude oil prices weakened tuesday continuing the sharp losses of the previous session on concerns slowing global growth will hit demand in the,"{'neg': 0.0, 'neu': 0.833, 'pos': 0.167, 'compound': 0.2023}","{'neg': 0.293, 'neu': 0.632, 'pos': 0.075, 'compound': -0.765}",True,False
8,"Jul 30, 2021",Top 5 Things to Watch in Markets in the Week Ahead,"By Michael Erman and Carl O'Donnell
(Reuters) -Top U.S. infectious disease expert Dr. Anthony Fauci said on Friday he hopes regulators as soon as next month could start granting...",top 5 things to watch in markets in the week ahead,by michael erman and carl odonnell reuters top us infectious disease expert dr anthony fauci said on friday he hopes regulators as soon as next month could start granting,"{'neg': 0.0, 'neu': 0.833, 'pos': 0.167, 'compound': 0.2023}","{'neg': 0.0, 'neu': 0.79, 'pos': 0.21, 'compound': 0.7096}",True,True
9,"Jul 28, 2021",Top 5 Things to Watch in Markets in the Week Ahead,"By Danielle Kaye
(Reuters) - All Washington Post employees will be required to present proof of full COVID-19 vaccination by mid-September as a condition of employment, with...",top 5 things to watch in markets in the week ahead,by danielle kaye reuters  all washington post employees will be required to present proof of full covid19 vaccination by midseptember as a condition of employment with,"{'neg': 0.0, 'neu': 0.833, 'pos': 0.167, 'compound': 0.2023}","{'neg': 0.0, 'neu': 1.0, 'pos': 0.0, 'compound': 0.0}",True,False
10,"Jul 12, 2021",Top 5 Things to Watch in Markets in the Week Ahead,"By Barani Krishnan
Investing.com - Crude prices posted their first weekly loss since mid-May as worries about trouble within OPEC tempered the bull market for oil.
The loss was a...",top 5 things to watch in markets in the week ahead,by barani krishnan investingcom  crude prices posted their first weekly loss since midmay as worries about trouble within opec tempered the bull market for oil the loss was a,"{'neg': 0.0, 'neu': 0.833, 'pos': 0.167, 'compound': 0.2023}","{'neg': 0.375, 'neu': 0.625, 'pos': 0.0, 'compound': -0.9153}",True,False
11,"Jul 08, 2021",Top 5 Things to Watch in Markets in the Week Ahead,"By Bernadette Christina
JAKARTA (Reuters) - Indonesia has ordered oxygen makers to prioritise medical needs amid growing demand from COVID-19 patients, the government said on...",top 5 things to watch in markets in the week ahead,by bernadette christina jakarta reuters  indonesia has ordered oxygen makers to prioritise medical needs amid growing demand from covid19 patients the government said on,"{'neg': 0.0, 'neu': 0.833, 'pos': 0.167, 'compound': 0.2023}","{'neg': 0.06, 'neu': 0.873, 'pos': 0.067, 'compound': 0.0516}",True,True
12,"Apr 01, 2021",Top 5 Things to Watch in Markets in the Week Ahead,"By Carl O'Donnell
(Reuters) - Abbott Laboratories (NYSE:ABT) said on Wednesday that U.S. regulators have cleared its rapid COVID-19 antigen test for over-the-counter, at-home use...",top 5 things to watch in markets in the week ahead,by carl odonnell reuters  abbott laboratories nyseabt said on wednesday that us regulators have cleared its rapid covid19 antigen test for overthecounter athome use,"{'neg': 0.0, 'neu': 0.833, 'pos': 0.167, 'compound': 0.2023}","{'neg': 0.0, 'neu': 0.943, 'pos': 0.057, 'compound': 0.1027}",True,True
13,"Feb 03, 2021",Top 5 Things to Watch in Markets in the Week Ahead,"By Lynx Insight Service
(Reuters) - More than 103.44 million people have been reported to be infected by the novel coronavirus globally and 2,236,895​ have died, according to a...",top 5 things to watch in markets in the week ahead,by lynx insight service reuters  more than 10344 million people have been reported to be infected by the novel coronavirus globally and 2236895 have died according to a,"{'neg': 0.0, 'neu': 0.833, 'pos': 0.167, 'compound': 0.2023}","{'neg': 0.205, 'neu': 0.725, 'pos': 0.069, 'compound': -0.6705}",True,False
14,"Jan 21, 2021",Top 5 Things to Watch in Markets in the Week Ahead,"By Nandita Bose and Jeff Mason
WASHINGTON (Reuters) - President Joe Biden will sign 10 executive orders on Thursday to fight the coronavirus pandemic, including directing that...",top 5 things to watch in markets in the week ahead,by nandita bose and jeff mason washington reuters  president joe biden will sign 10 executive orders on thursday to fight the coronavirus pandemic including directing that,"{'neg': 0.0, 'neu': 0.833, 'pos': 0.167, 'compound': 0.2023}","{'neg': 0.094, 'neu': 0.906, 'pos': 0.0, 'compound': -0.3818}",True,False
15,"Jan 21, 2021",Dow Futures Move Higher As Investors Brace for Earnings,"By Kate Kelland
LONDON (Reuters) - Larger trials are needed to assess whether Roche's arthritis drug tocilizumab can cut death rates among the sickest COVID-19 patients, scientists...",dow futures move higher as investors brace for earnings,by kate kelland london reuters  larger trials are needed to assess whether roches arthritis drug tocilizumab can cut death rates among the sickest covid19 patients scientists,"{'neg': 0.0, 'neu': 1.0, 'pos': 0.0, 'compound': 0.0}","{'neg': 0.2, 'neu': 0.8, 'pos': 0.0, 'compound': -0.7184}",False,False
16,"Jan 19, 2021",Top 5 Things to Watch in Markets in the Week Ahead,"By Francesco Guarascio
BRUSSELS (Reuters) - The European Union wants to set up a mechanism that would allow the sharing of surplus COVID-19 vaccines with poorer neighbouring states...",top 5 things to watch in markets in the week ahead,by francesco guarascio brussels reuters  the european union wants to set up a mechanism that would allow the sharing of surplus covid19 vaccines with poorer neighbouring states,"{'neg': 0.0, 'neu': 0.833, 'pos': 0.167, 'compound': 0.2023}","{'neg': 0.083, 'neu': 0.762, 'pos': 0.156, 'compound': 0.296}",True,True
17,"Jan 19, 2021",Dow Futures Move Higher As Investors Brace for Earnings,"By Tom Wilson
LONDON (Reuters) - Two British hospitals are using blockchain technology to keep tabs on the storage and supply of temperature-sensitive COVID-19 vaccines, the...",dow futures move higher as investors brace for earnings,by tom wilson london reuters  two british hospitals are using blockchain technology to keep tabs on the storage and supply of temperaturesensitive covid19 vaccines the,"{'neg': 0.0, 'neu': 1.0, 'pos': 0.0, 'compound': 0.0}","{'neg': 0.0, 'neu': 1.0, 'pos': 0.0, 'compound': 0.0}",False,False
18,"Jan 19, 2021",Oil Rises as OPEC+ Members Voice Support For Supply Cut,"By Kanishka Singh
(Reuters) - New York Governor Andrew Cuomo asked Pfizer Inc (NYSE:PFE) Chief Executive Albert Bourla on Monday if the state could buy COVID-19 vaccine doses...",oil rises as opec members voice support for supply cut,by kanishka singh reuters  new york governor andrew cuomo asked pfizer inc nysepfe chief executive albert bourla on monday if the state could buy covid19 vaccine doses,"{'neg': 0.164, 'neu': 0.625, 'pos': 0.211, 'compound': 0.1531}","{'neg': 0.0, 'neu': 1.0, 'pos': 0.0, 'compound': 0.0}",True,False
19,"Jan 17, 2021",Top 5 Things to Watch in Markets in the Week Ahead,"By Peter Szekely
NEW YORK (Reuters) - Scattered shortages of COVID-19 vaccines persisted on Saturday under pressure from growing demand, as previously inoculated Americans returned...",top 5 things to watch in markets in the week ahead,by peter szekely new york reuters  scattered shortages of covid19 vaccines persisted on saturday under pressure from growing demand as previously inoculated americans returned,"{'neg': 0.0, 'neu': 0.833, 'pos': 0.167, 'compound': 0.2023}","{'neg': 0.196, 'neu': 0.741, 'pos': 0.063, 'compound': -0.3818}",True,False
20,"Jan 13, 2021",Top 5 Things to Watch in Markets in the Week Ahead,"By Kate Kelland and Josephine Mason
LONDON (Reuters) - The role and remit of the World Health Organization (WHO) should be examined in the wake of the COVID-19 pandemic, and...",top 5 things to watch in markets in the week ahead,by kate kelland and josephine mason london reuters  the role and remit of the world health organization who should be examined in the wake of the covid19 pandemic and,"{'neg': 0.0, 'neu': 0.833, 'pos': 0.167, 'compound': 0.2023}","{'neg': 0.0, 'neu': 1.0, 'pos': 0.0, 'compound': 0.0}",True,False
21,"Jan 13, 2021",Dow Futures Move Higher As Investors Brace for Earnings,"By David Shepardson
WASHINGTON (Reuters) - Nearly all air travelers will need to present a negative coronavirus test to enter the United States under expanded test testing...",dow futures move higher as investors brace for earnings,by david shepardson washington reuters  nearly all air travelers will need to present a negative coronavirus test to enter the united states under expanded test testing,"{'neg': 0.0, 'neu': 1.0, 'pos': 0.0, 'compound': 0.0}","{'neg': 0.125, 'neu': 0.78, 'pos': 0.095, 'compound': -0.2263}",False,False
22,"Jan 12, 2021",Top 5 Things to Watch in Markets in the Week Ahead,"By Maria Caspani and Jonathan Allen
NEW YORK (Reuters) - New York officials said on Monday that they feared efforts to accelerate the vaccination of people against the novel...",top 5 things to watch in markets in the week ahead,by maria caspani and jonathan allen new york reuters  new york officials said on monday that they feared efforts to accelerate the vaccination of people against the novel,"{'neg': 0.0, 'neu': 0.833, 'pos': 0.167, 'compound': 0.2023}","{'neg': 0.102, 'neu': 0.825, 'pos': 0.073, 'compound': -0.2263}",True,False
23,"Jan 09, 2021",Top 5 Things to Watch in Markets in the Week Ahead,"By Lucy Nicholson
MISSION VIEJO, Calif. (Reuters) - Southern California is so overwhelmed with coronavirus cases that patients are backed up trying to get into hospitals, and...",top 5 things to watch in markets in the week ahead,by lucy nicholson mission viejo calif reuters  southern california is so overwhelmed with coronavirus cases that patients are backed up trying to get into hospitals and,"{'neg': 0.0, 'neu': 0.833, 'pos': 0.167, 'compound': 0.2023}","{'neg': 0.0, 'neu': 0.898, 'pos': 0.102, 'compound': 0.1819}",True,True
24,"Jan 07, 2021",Top 5 Things to Watch in Markets in the Week Ahead,"By Roshan Abraham
(Reuters) - Coronavirus cases in Europe surpassed 25 million on Thursday, according to a Reuters tally, with several countries reinstating or extending lockdowns...",top 5 things to watch in markets in the week ahead,by roshan abraham reuters  coronavirus cases in europe surpassed 25 million on thursday according to a reuters tally with several countries reinstating or extending lockdowns,"{'neg': 0.0, 'neu': 0.833, 'pos': 0.167, 'compound': 0.2023}","{'neg': 0.0, 'neu': 1.0, 'pos': 0.0, 'compound': 0.0}",True,False
25,"Jan 06, 2021",Top 5 Things to Watch in Markets in the Week Ahead,"By Dan Whitcomb and Steve Gorman
LOS ANGELES (Reuters) -Los Angeles health officials have told first responders to stop bringing adult patients who cannot be resuscitated to...",top 5 things to watch in markets in the week ahead,by dan whitcomb and steve gorman los angeles reuters los angeles health officials have told first responders to stop bringing adult patients who cannot be resuscitated to,"{'neg': 0.0, 'neu': 0.833, 'pos': 0.167, 'compound': 0.2023}","{'neg': 0.078, 'neu': 0.922, 'pos': 0.0, 'compound': -0.296}",True,False
26,"Jan 05, 2021",Top 5 Things to Watch in Markets in the Week Ahead,"By Dominique Vidalon and Sudip Kar-Gupta
PARIS (Reuters) -France is stepping up its COVID-19 vaccine rollout by widening further its first target group to include more health...",top 5 things to watch in markets in the week ahead,by dominique vidalon and sudip kargupta paris reuters france is stepping up its covid19 vaccine rollout by widening further its first target group to include more health,"{'neg': 0.0, 'neu': 0.833, 'pos': 0.167, 'compound': 0.2023}","{'neg': 0.0, 'neu': 1.0, 'pos': 0.0, 'compound': 0.0}",True,False
27,"Jan 05, 2021",Dow Futures Move Higher As Investors Brace for Earnings,"By Alexander Winning
JOHANNESBURG (Reuters) - A variant of the coronavirus first detected in South Africa is unlikely to completely negate the immunising effects of vaccines, a...",dow futures move higher as investors brace for earnings,by alexander winning johannesburg reuters  a variant of the coronavirus first detected in south africa is unlikely to completely negate the immunising effects of vaccines a,"{'neg': 0.0, 'neu': 1.0, 'pos': 0.0, 'compound': 0.0}","{'neg': 0.0, 'neu': 0.871, 'pos': 0.129, 'compound': 0.5267}",False,True
28,"Jan 05, 2021",Oil Rises as OPEC+ Members Voice Support For Supply Cut,"By Devjyot Ghoshal and Neha Arora
NEW DELHI (Reuters) - India is set to roll out a COVID-19 vaccination programme by next week, aiming to cover 300 million people by July, its top...",oil rises as opec members voice support for supply cut,by devjyot ghoshal and neha arora new delhi reuters  india is set to roll out a covid19 vaccination programme by next week aiming to cover 300 million people by july its top,"{'neg': 0.164, 'neu': 0.625, 'pos': 0.211, 'compound': 0.1531}","{'neg': 0.0, 'neu': 0.943, 'pos': 0.057, 'compound': 0.2023}",True,True
29,"Jan 04, 2021",Top 5 Things to Watch in Markets in the Week Ahead,"By Jonathan Landay
WASHINGTON (Reuters) - Two top U.S. health officials on Sunday disputed a claim by President Donald Trump that federal data on COVID-19 cases and deaths in the...",top 5 things to watch in markets in the week ahead,by jonathan landay washington reuters  two top us health officials on sunday disputed a claim by president donald trump that federal data on covid19 cases and deaths in the,"{'neg': 0.0, 'neu': 0.833, 'pos': 0.167, 'compound': 0.2023}","{'neg': 0.079, 'neu': 0.861, 'pos': 0.06, 'compound': -0.1531}",True,False
30,"Jan 04, 2021",Dow Futures Move Higher As Investors Brace for Earnings,"By Richard Cowan and Trevor Hunnicutt
WASHINGTON/REHOBOTH BEACH, Del. (Reuters) - In Washington's months-long political slugfest over who should get aid to counter the financial...",dow futures move higher as investors brace for earnings,by richard cowan and trevor hunnicutt washingtonrehoboth beach del reuters  in washingtons monthslong political slugfest over who should get aid to counter the financial,"{'neg': 0.0, 'neu': 1.0, 'pos': 0.0, 'compound': 0.0}","{'neg': 0.0, 'neu': 1.0, 'pos': 0.0, 'compound': 0.0}",False,False
31,"Dec 30, 2020",Top 5 Things to Watch in Markets in the Week Ahead,"By Jan Lopatka and Emilio Parodi
PRAGUE/ROME (Reuters) -
The European Union was asked on Tuesday to allow an extra dose of the COVID-19 vaccine developed by Pfizer (NYSE:PFE) and...",top 5 things to watch in markets in the week ahead,by jan lopatka and emilio parodi praguerome reuters  the european union was asked on tuesday to allow an extra dose of the covid19 vaccine developed by pfizer nysepfe and,"{'neg': 0.0, 'neu': 0.833, 'pos': 0.167, 'compound': 0.2023}","{'neg': 0.0, 'neu': 0.936, 'pos': 0.064, 'compound': 0.2263}",True,True
32,"Dec 12, 2020",Top 5 Things to Watch in Markets in the Week Ahead,"By Kate Kelland
LONDON (Reuters) - Five key genes are linked with the most severe form of COVID-19, scientists said on Friday, in research that also pointed to several existing...",top 5 things to watch in markets in the week ahead,by kate kelland london reuters  five key genes are linked with the most severe form of covid19 scientists said on friday in research that also pointed to several existing,"{'neg': 0.0, 'neu': 0.833, 'pos': 0.167, 'compound': 0.2023}","{'neg': 0.094, 'neu': 0.906, 'pos': 0.0, 'compound': -0.4391}",True,False
33,"Dec 03, 2020",Top 5 Things to Watch in Markets in the Week Ahead,"By Andrea Shalal and Michelle Nichols
WASHINGTON/NEW YORK (Reuters) - The United States on Wednesday claimed a United Nations meeting of world leaders on the COVID-19 pandemic was...",top 5 things to watch in markets in the week ahead,by andrea shalal and michelle nichols washingtonnew york reuters  the united states on wednesday claimed a united nations meeting of world leaders on the covid19 pandemic was,"{'neg': 0.0, 'neu': 0.833, 'pos': 0.167, 'compound': 0.2023}","{'neg': 0.0, 'neu': 0.811, 'pos': 0.189, 'compound': 0.6808}",True,True
34,"Nov 13, 2020",Top 5 Things to Watch in Markets in the Week Ahead,"By Yasin Ebrahim
Investing.com - President Donald Trump on Friday said he expected Pfiizer's vaccine to be approved ""very soon,"" and talked up the prospect of a widespread roll out...",top 5 things to watch in markets in the week ahead,by yasin ebrahim investingcom  president donald trump on friday said he expected pfiizers vaccine to be approved very soon and talked up the prospect of a widespread roll out,"{'neg': 0.0, 'neu': 0.833, 'pos': 0.167, 'compound': 0.2023}","{'neg': 0.0, 'neu': 0.839, 'pos': 0.161, 'compound': 0.6124}",True,True
35,"Nov 07, 2020",Top 5 Things to Watch in Markets in the Week Ahead,"By Anurag Maan
(Reuters) - U.S. coronavirus infections surged by at least 129,606 on Friday, according to a Reuters tally, the third consecutive daily rise of more than 100,000...",top 5 things to watch in markets in the week ahead,by anurag maan reuters  us coronavirus infections surged by at least 129606 on friday according to a reuters tally the third consecutive daily rise of more than 100000,"{'neg': 0.0, 'neu': 0.833, 'pos': 0.167, 'compound': 0.2023}","{'neg': 0.0, 'neu': 1.0, 'pos': 0.0, 'compound': 0.0}",True,False
36,"Oct 28, 2020",Top 5 Things to Watch in Markets in the Week Ahead,"By David Shepardson
WASHINGTON (Reuters) - Transmission risks of COVID-19 during airline flights are very low and below other routine activities during the pandemic such as grocery...",top 5 things to watch in markets in the week ahead,by david shepardson washington reuters  transmission risks of covid19 during airline flights are very low and below other routine activities during the pandemic such as grocery,"{'neg': 0.0, 'neu': 0.833, 'pos': 0.167, 'compound': 0.2023}","{'neg': 0.158, 'neu': 0.842, 'pos': 0.0, 'compound': -0.5413}",True,False
37,"Oct 23, 2020",Top 5 Things to Watch in Markets in the Week Ahead,"By Nancy Lapid
(Reuters) - The following is a roundup of some of the latest scientific studies on the novel coronavirus and efforts to find treatments and vaccines for COVID-19,...",top 5 things to watch in markets in the week ahead,by nancy lapid reuters  the following is a roundup of some of the latest scientific studies on the novel coronavirus and efforts to find treatments and vaccines for covid19,"{'neg': 0.0, 'neu': 0.833, 'pos': 0.167, 'compound': 0.2023}","{'neg': 0.0, 'neu': 0.922, 'pos': 0.078, 'compound': 0.3182}",True,True
38,"Oct 20, 2020",Top 5 Things to Watch in Markets in the Week Ahead,"By Rich McKay
(Reuters) - A Wisconsin judge on Monday reinstated limits on public gatherings including at bars and restaurants due to a surge in COVID-19, the governor's office...",top 5 things to watch in markets in the week ahead,by rich mckay reuters  a wisconsin judge on monday reinstated limits on public gatherings including at bars and restaurants due to a surge in covid19 the governors office,"{'neg': 0.0, 'neu': 0.833, 'pos': 0.167, 'compound': 0.2023}","{'neg': 0.0, 'neu': 0.874, 'pos': 0.126, 'compound': 0.5574}",True,True
39,"Oct 16, 2020",Top 5 Things to Watch in Markets in the Week Ahead,"By Carl O'Donnell
NEW YORK (Reuters) - Drugmakers and research centers around the world are working on COVID-19 vaccines, with large global trials of several of the candidates...",top 5 things to watch in markets in the week ahead,by carl odonnell new york reuters  drugmakers and research centers around the world are working on covid19 vaccines with large global trials of several of the candidates,"{'neg': 0.0, 'neu': 0.833, 'pos': 0.167, 'compound': 0.2023}","{'neg': 0.0, 'neu': 1.0, 'pos': 0.0, 'compound': 0.0}",True,False
40,"Sep 30, 2020",Top 5 Things to Watch in Markets in the Week Ahead,"By Hyonhee Shin
SEOUL (Reuters) - South Koreans will forego some of their most cherished traditions when they celebrate their thanksgiving holiday of Chuseok this week, as the...",top 5 things to watch in markets in the week ahead,by hyonhee shin seoul reuters  south koreans will forego some of their most cherished traditions when they celebrate their thanksgiving holiday of chuseok this week as the,"{'neg': 0.0, 'neu': 0.833, 'pos': 0.167, 'compound': 0.2023}","{'neg': 0.0, 'neu': 0.706, 'pos': 0.294, 'compound': 0.8748}",True,True
41,"Sep 25, 2020",Top 5 Things to Watch in Markets in the Week Ahead,"By Barbara Goldberg
NEW YORK (Reuters) - New York is committed to making outdoor dining a permanent option for the thousands of restaurants that have embraced the concept since the...",top 5 things to watch in markets in the week ahead,by barbara goldberg new york reuters  new york is committed to making outdoor dining a permanent option for the thousands of restaurants that have embraced the concept since the,"{'neg': 0.0, 'neu': 0.833, 'pos': 0.167, 'compound': 0.2023}","{'neg': 0.0, 'neu': 0.928, 'pos': 0.072, 'compound': 0.2732}",True,True
42,"Sep 17, 2020",Top 5 Things to Watch in Markets in the Week Ahead,"By Adam Claringbull
Investing.com – Oil was slightly up Friday morning in Asia, even as Gulf of Mexico rigs reopened after Hurricane Sally. Thursday’s OPEC+ meeting warning its...",top 5 things to watch in markets in the week ahead,by adam claringbull investingcom  oil was slightly up friday morning in asia even as gulf of mexico rigs reopened after hurricane sally thursdays opec meeting warning its,"{'neg': 0.0, 'neu': 0.833, 'pos': 0.167, 'compound': 0.2023}","{'neg': 0.085, 'neu': 0.915, 'pos': 0.0, 'compound': -0.34}",True,False
43,"Sep 14, 2020",Top 5 Things to Watch in Markets in the Week Ahead,"By Colin Packham
SYDNEY (Reuters) - Australia reported its lowest one-day rise in novel coronavirus infections in nearly three months on Monday as authorities began to ease...",top 5 things to watch in markets in the week ahead,by colin packham sydney reuters  australia reported its lowest oneday rise in novel coronavirus infections in nearly three months on monday as authorities began to ease,"{'neg': 0.0, 'neu': 0.833, 'pos': 0.167, 'compound': 0.2023}","{'neg': 0.086, 'neu': 0.757, 'pos': 0.158, 'compound': 0.296}",True,True
44,"Aug 11, 2020",Top 5 Things to Watch in Markets in the Week Ahead,"By Gina Lee
Investing.com – The dollar was down on Tuesday morning in Asia, reversing earlier gains even as the U.S. Congress moved closer to a consensus over the latest COVID-19...",top 5 things to watch in markets in the week ahead,by gina lee investingcom  the dollar was down on tuesday morning in asia reversing earlier gains even as the us congress moved closer to a consensus over the latest covid19,"{'neg': 0.0, 'neu': 0.833, 'pos': 0.167, 'compound': 0.2023}","{'neg': 0.0, 'neu': 0.921, 'pos': 0.079, 'compound': 0.34}",True,True
45,"Aug 04, 2020",Top 5 Things to Watch in Markets in the Week Ahead,"By Brendan O'Brien and Dan Whitcomb
CHICAGO (Reuters) - Teachers at dozens of school districts protested from their cars on Monday over plans by some U.S. governors to resume...",top 5 things to watch in markets in the week ahead,by brendan obrien and dan whitcomb chicago reuters  teachers at dozens of school districts protested from their cars on monday over plans by some us governors to resume,"{'neg': 0.0, 'neu': 0.833, 'pos': 0.167, 'compound': 0.2023}","{'neg': 0.053, 'neu': 0.947, 'pos': 0.0, 'compound': -0.128}",True,False
46,"Jul 20, 2020",Top 5 Things to Watch in Markets in the Week Ahead,"By Bryan Wong
Investing.com - Oil was down on Monday morning in Asia, as investors continue to be spooked by the ever-increasing number of global COVID-19 cases.
Brent oil futures...",top 5 things to watch in markets in the week ahead,by bryan wong investingcom  oil was down on monday morning in asia as investors continue to be spooked by the everincreasing number of global covid19 cases brent oil futures,"{'neg': 0.0, 'neu': 0.833, 'pos': 0.167, 'compound': 0.2023}","{'neg': 0.0, 'neu': 0.956, 'pos': 0.044, 'compound': 0.0772}",True,True
47,"Jul 01, 2020",Top 5 Things to Watch in Markets in the Week Ahead,"By Emma Farge and John Revill
GENEVA (Reuters) - Nations who fail to use every mechanism available to combat the still-raging novel coronavirus will struggle to beat it, the World...",top 5 things to watch in markets in the week ahead,by emma farge and john revill geneva reuters  nations who fail to use every mechanism available to combat the stillraging novel coronavirus will struggle to beat it the world,"{'neg': 0.0, 'neu': 0.833, 'pos': 0.167, 'compound': 0.2023}","{'neg': 0.231, 'neu': 0.704, 'pos': 0.065, 'compound': -0.7096}",True,False
48,"Jun 18, 2020",Top 5 Things to Watch in Markets in the Week Ahead,"By Mark Miller
CHICAGO (Reuters) - The COVID-19 pandemic has put a bright spotlight on weaknesses in many of the systems designed to protect Americans from risks. But with older...",top 5 things to watch in markets in the week ahead,by mark miller chicago reuters  the covid19 pandemic has put a bright spotlight on weaknesses in many of the systems designed to protect americans from risks but with older,"{'neg': 0.0, 'neu': 0.833, 'pos': 0.167, 'compound': 0.2023}","{'neg': 0.106, 'neu': 0.773, 'pos': 0.121, 'compound': 0.1154}",True,True
49,"Jun 10, 2020",Top 5 Things to Watch in Markets in the Week Ahead,"By Stephanie Nebehay
GENEVA (Reuters) - Studies show people with the coronavirus are most infectious just at the point when they first begin to feel unwell, World Health...",top 5 things to watch in markets in the week ahead,by stephanie nebehay geneva reuters  studies show people with the coronavirus are most infectious just at the point when they first begin to feel unwell world health,"{'neg': 0.0, 'neu': 0.833, 'pos': 0.167, 'compound': 0.2023}","{'neg': 0.0, 'neu': 1.0, 'pos': 0.0, 'compound': 0.0}",True,False
50,"May 27, 2020",Top 5 Things to Watch in Markets in the Week Ahead,"By Robin Respaut and Deborah J. Nelson
(Reuters) - New diagnoses of one of the deadliest cancers fell by one-third in March and April as U.S. physicians and patients halted...",top 5 things to watch in markets in the week ahead,by robin respaut and deborah j nelson reuters  new diagnoses of one of the deadliest cancers fell by onethird in march and april as us physicians and patients halted,"{'neg': 0.0, 'neu': 0.833, 'pos': 0.167, 'compound': 0.2023}","{'neg': 0.0, 'neu': 1.0, 'pos': 0.0, 'compound': 0.0}",True,False
51,"May 26, 2020",Top 5 Things to Watch in Markets in the Week Ahead,"By Helen Coster
(Reuters) - Before the coronavirus pandemic, Melanie Burns and her husband between them had planned five trips between April and September, including three to...",top 5 things to watch in markets in the week ahead,by helen coster reuters  before the coronavirus pandemic melanie burns and her husband between them had planned five trips between april and september including three to,"{'neg': 0.0, 'neu': 0.833, 'pos': 0.167, 'compound': 0.2023}","{'neg': 0.0, 'neu': 1.0, 'pos': 0.0, 'compound': 0.0}",True,False
52,"May 23, 2020",Top 5 Things to Watch in Markets in the Week Ahead,"By Deena Beasley
(Reuters) - The U.S. National Institutes of Health (NIH) said on Friday peer-reviewed data published in the New England Journal of Medicine show that Gilead...",top 5 things to watch in markets in the week ahead,by deena beasley reuters  the us national institutes of health nih said on friday peerreviewed data published in the new england journal of medicine show that gilead,"{'neg': 0.0, 'neu': 0.833, 'pos': 0.167, 'compound': 0.2023}","{'neg': 0.0, 'neu': 1.0, 'pos': 0.0, 'compound': 0.0}",True,False
53,"May 20, 2020",Top 5 Things to Watch in Markets in the Week Ahead,"By Sarah N. Lynch
WASHINGTON (Reuters) - President Donald Trump's purge of several internal watchdogs at U.S. agencies could hobble anti-fraud oversight for the $3 trillion in...",top 5 things to watch in markets in the week ahead,by sarah n lynch washington reuters  president donald trumps purge of several internal watchdogs at us agencies could hobble antifraud oversight for the 3 trillion in,"{'neg': 0.0, 'neu': 0.833, 'pos': 0.167, 'compound': 0.2023}","{'neg': 0.0, 'neu': 1.0, 'pos': 0.0, 'compound': 0.0}",True,False
54,"May 18, 2020",Top 5 Things to Watch in Markets in the Week Ahead,"By Kirsty Needham
SYDNEY (Reuters) - A draft resolution pushed by the European Union and Australia calling for an independent review into the origins and spread of the coronavirus...",top 5 things to watch in markets in the week ahead,by kirsty needham sydney reuters  a draft resolution pushed by the european union and australia calling for an independent review into the origins and spread of the coronavirus,"{'neg': 0.0, 'neu': 0.833, 'pos': 0.167, 'compound': 0.2023}","{'neg': 0.0, 'neu': 1.0, 'pos': 0.0, 'compound': 0.0}",True,False
55,"May 13, 2020",Top 5 Things to Watch in Markets in the Week Ahead,"By Yawen Chen and Ryan Woo
BEIJING (Reuters) - Authorities in the Chinese city where the novel coronavirus emerged launched an ambitious campaign on Wednesday to test all of its 11...",top 5 things to watch in markets in the week ahead,by yawen chen and ryan woo beijing reuters  authorities in the chinese city where the novel coronavirus emerged launched an ambitious campaign on wednesday to test all of its 11,"{'neg': 0.0, 'neu': 0.833, 'pos': 0.167, 'compound': 0.2023}","{'neg': 0.0, 'neu': 0.722, 'pos': 0.278, 'compound': 0.8402}",True,True
56,"May 12, 2020",Top 5 Things to Watch in Markets in the Week Ahead,"By Deena Beasley
(Reuters) - Global alarm was sounded on Monday over a potential second wave of coronavirus infections after Germany reported that the reproduction rate of the...",top 5 things to watch in markets in the week ahead,by deena beasley reuters  global alarm was sounded on monday over a potential second wave of coronavirus infections after germany reported that the reproduction rate of the,"{'neg': 0.0, 'neu': 0.833, 'pos': 0.167, 'compound': 0.2023}","{'neg': 0.088, 'neu': 0.912, 'pos': 0.0, 'compound': -0.34}",True,False
57,"May 11, 2020",Top 5 Things to Watch in Markets in the Week Ahead,"By Lisa Shumaker
(Reuters) - U.S. coronavirus deaths topped 80,000 on Monday, according to a Reuters tally, as nearly all states have taken steps to relax lockdown measures.
Deaths...",top 5 things to watch in markets in the week ahead,by lisa shumaker reuters  us coronavirus deaths topped 80000 on monday according to a reuters tally as nearly all states have taken steps to relax lockdown measures deaths,"{'neg': 0.0, 'neu': 0.833, 'pos': 0.167, 'compound': 0.2023}","{'neg': 0.0, 'neu': 0.9, 'pos': 0.1, 'compound': 0.4404}",True,True
58,"May 11, 2020",Dow Futures Move Higher As Investors Brace for Earnings,"By Elizabeth Culliford
(Reuters) - Twitter Inc (N:TWTR) will add labels and warning messages on some tweets with disputed or misleading information about COVID-19, the company...",dow futures move higher as investors brace for earnings,by elizabeth culliford reuters  twitter inc ntwtr will add labels and warning messages on some tweets with disputed or misleading information about covid19 the company,"{'neg': 0.0, 'neu': 1.0, 'pos': 0.0, 'compound': 0.0}","{'neg': 0.254, 'neu': 0.746, 'pos': 0.0, 'compound': -0.7579}",False,False
59,"May 11, 2020",Oil Rises as OPEC+ Members Voice Support For Supply Cut,"By Nancy Lapid
NEW YORK (Reuters) - The following is a brief roundup of the latest scientific studies on the novel coronavirus and efforts to find treatments and vaccines for...",oil rises as opec members voice support for supply cut,by nancy lapid new york reuters  the following is a brief roundup of the latest scientific studies on the novel coronavirus and efforts to find treatments and vaccines for,"{'neg': 0.164, 'neu': 0.625, 'pos': 0.211, 'compound': 0.1531}","{'neg': 0.0, 'neu': 0.922, 'pos': 0.078, 'compound': 0.3182}",True,True
60,"May 04, 2020",Top 5 Things to Watch in Markets in the Week Ahead,"By Gavin Jones
ROME (Reuters) - Italy's coronavirus death toll is much higher than reported, statistics bureau ISTAT said on Monday in an analysis pointing to thousands of...",top 5 things to watch in markets in the week ahead,by gavin jones rome reuters  italys coronavirus death toll is much higher than reported statistics bureau istat said on monday in an analysis pointing to thousands of,"{'neg': 0.0, 'neu': 0.833, 'pos': 0.167, 'compound': 0.2023}","{'neg': 0.13, 'neu': 0.87, 'pos': 0.0, 'compound': -0.5994}",True,False
61,"May 04, 2020",Dow Futures Move Higher As Investors Brace for Earnings,"By Gwladys Fouche
OSLO (Reuters) - Norway will give $1 billion to support the distribution worldwide of any vaccine developed against COVID-19 as well as for vaccines against other...",dow futures move higher as investors brace for earnings,by gwladys fouche oslo reuters  norway will give 1 billion to support the distribution worldwide of any vaccine developed against covid19 as well as for vaccines against other,"{'neg': 0.0, 'neu': 1.0, 'pos': 0.0, 'compound': 0.0}","{'neg': 0.0, 'neu': 0.839, 'pos': 0.161, 'compound': 0.5859}",False,True
62,"May 02, 2020",Top 5 Things to Watch in Markets in the Week Ahead,"By Roberto Ramirez
ECATEPEC, Mexico (Reuters) - Families in a poor satellite city of Mexico's capital with one of the country's most number of coronavirus cases have protested to...",top 5 things to watch in markets in the week ahead,by roberto ramirez ecatepec mexico reuters  families in a poor satellite city of mexicos capital with one of the countrys most number of coronavirus cases have protested to,"{'neg': 0.0, 'neu': 0.833, 'pos': 0.167, 'compound': 0.2023}","{'neg': 0.152, 'neu': 0.795, 'pos': 0.053, 'compound': -0.4601}",True,False
63,"May 02, 2020",Top 5 Things to Watch in Markets in the Week Ahead,"By Peter Nurse and Kim Khan
Investing.com – Rolling updates on the latest developments and headlines from around the world on the Covid-19 pandemic.
3:10 PM ET: Trump Wants ‘a Lot’...",top 5 things to watch in markets in the week ahead,by peter nurse and kim khan investingcom  rolling updates on the latest developments and headlines from around the world on the covid19 pandemic 310 pm et trump wants a lot,"{'neg': 0.0, 'neu': 0.833, 'pos': 0.167, 'compound': 0.2023}","{'neg': 0.0, 'neu': 1.0, 'pos': 0.0, 'compound': 0.0}",True,False
64,"Apr 30, 2020",Top 5 Things to Watch in Markets in the Week Ahead,"By Peter Nurse and Kim Khan
Investing.com – Rolling updates on the latest developments and headlines from around the world on the Covid-19 pandemic.
2:00 PM ET: U.S. Won’t Cancel...",top 5 things to watch in markets in the week ahead,by peter nurse and kim khan investingcom  rolling updates on the latest developments and headlines from around the world on the covid19 pandemic 200 pm et us wont cancel,"{'neg': 0.0, 'neu': 0.833, 'pos': 0.167, 'compound': 0.2023}","{'neg': 0.0, 'neu': 0.941, 'pos': 0.059, 'compound': 0.1877}",True,True
65,"Apr 29, 2020",Top 5 Things to Watch in Markets in the Week Ahead,"By Deena Beasley and Manas Mishra
(Reuters) - The top U.S. infectious disease official said Gilead Sciences Inc 's experimental antiviral drug remdesivir will become the standard...",top 5 things to watch in markets in the week ahead,by deena beasley and manas mishra reuters  the top us infectious disease official said gilead sciences inc s experimental antiviral drug remdesivir will become the standard,"{'neg': 0.0, 'neu': 0.833, 'pos': 0.167, 'compound': 0.2023}","{'neg': 0.0, 'neu': 0.93, 'pos': 0.07, 'compound': 0.2023}",True,True
66,"Apr 29, 2020",Dow Futures Move Higher As Investors Brace for Earnings,"By David Morgan
WASHINGTON (Reuters) - Congressional Democrats on Wednesday proposed a bill that would require a U.S. coronavirus supply czar to oversee critical medical supplies,...",dow futures move higher as investors brace for earnings,by david morgan washington reuters  congressional democrats on wednesday proposed a bill that would require a us coronavirus supply czar to oversee critical medical supplies,"{'neg': 0.0, 'neu': 1.0, 'pos': 0.0, 'compound': 0.0}","{'neg': 0.095, 'neu': 0.905, 'pos': 0.0, 'compound': -0.3182}",False,False
67,"Apr 29, 2020",Top 5 Things to Watch in Markets in the Week Ahead,"By Gina Lee, Peter Nurse and Kim Khan
Investing.com – Rolling updates on the latest developments and headlines from around the world on the Covid-19 pandemic.
(3:00 PM ET)...",top 5 things to watch in markets in the week ahead,by gina lee peter nurse and kim khan investingcom  rolling updates on the latest developments and headlines from around the world on the covid19 pandemic 300 pm et,"{'neg': 0.0, 'neu': 0.833, 'pos': 0.167, 'compound': 0.2023}","{'neg': 0.0, 'neu': 1.0, 'pos': 0.0, 'compound': 0.0}",True,False
68,"Apr 29, 2020",Dow Futures Move Higher As Investors Brace for Earnings,"By Elizabeth Culliford
(Reuters) - Twitter Inc (NYSE:TWTR) will grant researchers and software developers access to a real-time data stream of tens of millions of daily public...",dow futures move higher as investors brace for earnings,by elizabeth culliford reuters  twitter inc nysetwtr will grant researchers and software developers access to a realtime data stream of tens of millions of daily public,"{'neg': 0.0, 'neu': 1.0, 'pos': 0.0, 'compound': 0.0}","{'neg': 0.0, 'neu': 0.906, 'pos': 0.094, 'compound': 0.3612}",False,True
69,"Apr 28, 2020",Top 5 Things to Watch in Markets in the Week Ahead,"By Barani Krishnan 
Investing.com - Gold prices dipped for a third-straight day as bullion’s biggest movers stayed to the sidelines watching the gradual reopening of business in...",top 5 things to watch in markets in the week ahead,by barani krishnan  investingcom  gold prices dipped for a thirdstraight day as bullions biggest movers stayed to the sidelines watching the gradual reopening of business in,"{'neg': 0.0, 'neu': 0.833, 'pos': 0.167, 'compound': 0.2023}","{'neg': 0.0, 'neu': 1.0, 'pos': 0.0, 'compound': 0.0}",True,False
70,"Apr 28, 2020",Dow Futures Move Higher As Investors Brace for Earnings,"By Gina Lee, Peter Nurse and Kim Khan 
Investing.com - Drugmaker Pfizer (NYSE:PFE) could have a vaccine for Covid-19 to use in emergencies by the fall if testing goes well,...",dow futures move higher as investors brace for earnings,by gina lee peter nurse and kim khan  investingcom  drugmaker pfizer nysepfe could have a vaccine for covid19 to use in emergencies by the fall if testing goes well,"{'neg': 0.0, 'neu': 1.0, 'pos': 0.0, 'compound': 0.0}","{'neg': 0.0, 'neu': 0.928, 'pos': 0.072, 'compound': 0.2732}",False,True
71,"Apr 28, 2020",Top 5 Things to Watch in Markets in the Week Ahead,"By Steve Holland and Doina Chiacu
WASHINGTON (Reuters) - U.S. President Donald Trump's pause in holding White House coronavirus briefings only lasted the weekend as he took center...",top 5 things to watch in markets in the week ahead,by steve holland and doina chiacu washington reuters  us president donald trumps pause in holding white house coronavirus briefings only lasted the weekend as he took center,"{'neg': 0.0, 'neu': 0.833, 'pos': 0.167, 'compound': 0.2023}","{'neg': 0.0, 'neu': 1.0, 'pos': 0.0, 'compound': 0.0}",True,False
72,"Apr 28, 2020",Dow Futures Move Higher As Investors Brace for Earnings,"By Nathan Layne and Maria Caspani
(Reuters) - New York Governor Andrew Cuomo said on Monday his stay-at-home order will likely be extended beyond May 15 in many parts of the state,...",dow futures move higher as investors brace for earnings,by nathan layne and maria caspani reuters  new york governor andrew cuomo said on monday his stayathome order will likely be extended beyond may 15 in many parts of the state,"{'neg': 0.0, 'neu': 1.0, 'pos': 0.0, 'compound': 0.0}","{'neg': 0.0, 'neu': 1.0, 'pos': 0.0, 'compound': 0.0}",False,False
73,"Apr 27, 2020",Oil Rises as OPEC+ Members Voice Support For Supply Cut,"By Gina Lee, Peter Nurse and Kim Khan
Investing.com – Certain areas of New York state will reopen in the middle of next month, Governor Andrew Cuomo said Monday.
General Motors...",oil rises as opec members voice support for supply cut,by gina lee peter nurse and kim khan investingcom  certain areas of new york state will reopen in the middle of next month governor andrew cuomo said monday general motors,"{'neg': 0.164, 'neu': 0.625, 'pos': 0.211, 'compound': 0.1531}","{'neg': 0.0, 'neu': 0.932, 'pos': 0.068, 'compound': 0.2732}",True,True
74,"Apr 27, 2020",Top 5 Things to Watch in Markets in the Week Ahead,"By Tina Bellon
NEW YORK (Reuters) - New York City, the epicenter of the U.S. coronavirus outbreak, will close some streets to vehicle traffic, expand sidewalks and create temporary...",top 5 things to watch in markets in the week ahead,by tina bellon new york reuters  new york city the epicenter of the us coronavirus outbreak will close some streets to vehicle traffic expand sidewalks and create temporary,"{'neg': 0.0, 'neu': 0.833, 'pos': 0.167, 'compound': 0.2023}","{'neg': 0.0, 'neu': 0.855, 'pos': 0.145, 'compound': 0.5267}",True,True
75,"Apr 24, 2020",Top 5 Things to Watch in Markets in the Week Ahead,"By Gina Lee, Peter Nurse and Kim Khan
Investing.com - President Donald Trump signed Friday the fourth U.S. stimulus package to aid the economy during the Covid-19 pandemic.
And...",top 5 things to watch in markets in the week ahead,by gina lee peter nurse and kim khan investingcom  president donald trump signed friday the fourth us stimulus package to aid the economy during the covid19 pandemic and,"{'neg': 0.0, 'neu': 0.833, 'pos': 0.167, 'compound': 0.2023}","{'neg': 0.0, 'neu': 1.0, 'pos': 0.0, 'compound': 0.0}",True,False
76,"Apr 23, 2020",Top 5 Things to Watch in Markets in the Week Ahead,"By Gina Lee, Peter Nurse and Kim Khan
Investing.com – New York state showed an infection rate from Covid-19 of nearly 14%, the governor said Thursday.
Another round of...",top 5 things to watch in markets in the week ahead,by gina lee peter nurse and kim khan investingcom  new york state showed an infection rate from covid19 of nearly 14 the governor said thursday another round of,"{'neg': 0.0, 'neu': 0.833, 'pos': 0.167, 'compound': 0.2023}","{'neg': 0.0, 'neu': 1.0, 'pos': 0.0, 'compound': 0.0}",True,False
77,"Apr 23, 2020",Top 5 Things to Watch in Markets in the Week Ahead,"By Brad Brooks and Andrew Hay
(Reuters) - Each day, hundreds of residents of Galveston County, Texas, are tested for the new coronavirus. Free diagnostic tests are being offered to...",top 5 things to watch in markets in the week ahead,by brad brooks and andrew hay reuters  each day hundreds of residents of galveston county texas are tested for the new coronavirus free diagnostic tests are being offered to,"{'neg': 0.0, 'neu': 0.833, 'pos': 0.167, 'compound': 0.2023}","{'neg': 0.0, 'neu': 0.895, 'pos': 0.105, 'compound': 0.5106}",True,True
78,"Apr 22, 2020",Top 5 Things to Watch in Markets in the Week Ahead,"By Gina Lee, Peter Nurse and Kim Khan
Investing.com - Former New York Mayor Michael Bloomberg will be working on a Covid-19 testing/tracing program for New York, Connecticut and...",top 5 things to watch in markets in the week ahead,by gina lee peter nurse and kim khan investingcom  former new york mayor michael bloomberg will be working on a covid19 testingtracing program for new york connecticut and,"{'neg': 0.0, 'neu': 0.833, 'pos': 0.167, 'compound': 0.2023}","{'neg': 0.0, 'neu': 1.0, 'pos': 0.0, 'compound': 0.0}",True,False
79,"Apr 22, 2020",Top 5 Things to Watch in Markets in the Week Ahead,"By Doina Chiacu and Steve Holland
WASHINGTON (Reuters) - President Donald Trump and New York Governor Andrew Cuomo, two prominent figures in the U.S. coronavirus crisis who are...",top 5 things to watch in markets in the week ahead,by doina chiacu and steve holland washington reuters  president donald trump and new york governor andrew cuomo two prominent figures in the us coronavirus crisis who are,"{'neg': 0.0, 'neu': 0.833, 'pos': 0.167, 'compound': 0.2023}","{'neg': 0.131, 'neu': 0.796, 'pos': 0.073, 'compound': -0.4215}",True,False
80,"Apr 22, 2020",Dow Futures Move Higher As Investors Brace for Earnings,"By Farah Master
HONG KONG (Reuters) - Demand for plant-based protein foods is surging in Asia, suppliers say, as suspicion over possible links between wild animal meat and the new...",dow futures move higher as investors brace for earnings,by farah master hong kong reuters  demand for plantbased protein foods is surging in asia suppliers say as suspicion over possible links between wild animal meat and the new,"{'neg': 0.0, 'neu': 1.0, 'pos': 0.0, 'compound': 0.0}","{'neg': 0.132, 'neu': 0.868, 'pos': 0.0, 'compound': -0.4767}",False,False
81,"Apr 22, 2020",Oil Rises as OPEC+ Members Voice Support For Supply Cut,"By Deena Beasley
(Reuters) - An old malaria drug touted by U.S. President Donald Trump as a ""game changer"" in the fight against the coronavirus provided no benefit and potentially...",oil rises as opec members voice support for supply cut,by deena beasley reuters  an old malaria drug touted by us president donald trump as a game changer in the fight against the coronavirus provided no benefit and potentially,"{'neg': 0.164, 'neu': 0.625, 'pos': 0.211, 'compound': 0.1531}","{'neg': 0.182, 'neu': 0.727, 'pos': 0.091, 'compound': -0.25}",True,False
82,"Apr 21, 2020",Top 5 Things to Watch in Markets in the Week Ahead,"By Kim Khan
Investing.com - Details of the next round of federal support for U.S. small businesses emerged Tuesday.
The bill will provide $250 billion more for the Paycheck...",top 5 things to watch in markets in the week ahead,by kim khan investingcom  details of the next round of federal support for us small businesses emerged tuesday the bill will provide 250 billion more for the paycheck,"{'neg': 0.0, 'neu': 0.833, 'pos': 0.167, 'compound': 0.2023}","{'neg': 0.0, 'neu': 0.909, 'pos': 0.091, 'compound': 0.4019}",True,True
83,"Apr 21, 2020",Top 5 Things to Watch in Markets in the Week Ahead,"By Gina Lee, Peter Nurse and Kim Khan
Investing.com – Hospitalizations in New York state for Covid1-9 are ""basically flat,"" according to its governor. 
The World Health...",top 5 things to watch in markets in the week ahead,by gina lee peter nurse and kim khan investingcom  hospitalizations in new york state for covid19 are basically flat according to its governor  the world health,"{'neg': 0.0, 'neu': 0.833, 'pos': 0.167, 'compound': 0.2023}","{'neg': 0.0, 'neu': 1.0, 'pos': 0.0, 'compound': 0.0}",True,False
84,"Apr 20, 2020",Top 5 Things to Watch in Markets in the Week Ahead,"By Gregory Scruggs
OLYMPIA, WA. (Reuters) - An estimated 2,500 people rallied at the Washington state capitol on Sunday to protest Democratic Governor Jay Inslee’s stay-at-home...",top 5 things to watch in markets in the week ahead,by gregory scruggs olympia wa reuters  an estimated 2500 people rallied at the washington state capitol on sunday to protest democratic governor jay inslees stayathome,"{'neg': 0.0, 'neu': 0.833, 'pos': 0.167, 'compound': 0.2023}","{'neg': 0.077, 'neu': 0.923, 'pos': 0.0, 'compound': -0.25}",True,False
85,"Apr 16, 2020",Top 5 Things to Watch in Markets in the Week Ahead,"By Gina Lee, Peter Nurse and Kim Khan
Investing.com - President Donald Trump will unveil his guidelines for restarting the U.S. economy Thursday evening, and those guidelines will...",top 5 things to watch in markets in the week ahead,by gina lee peter nurse and kim khan investingcom  president donald trump will unveil his guidelines for restarting the us economy thursday evening and those guidelines will,"{'neg': 0.0, 'neu': 0.833, 'pos': 0.167, 'compound': 0.2023}","{'neg': 0.0, 'neu': 1.0, 'pos': 0.0, 'compound': 0.0}",True,False
86,"Apr 16, 2020",Top 5 Things to Watch in Markets in the Week Ahead,"By Maria Caspani and Jessica Resnick-Ault
NEW YORK (Reuters) - The death toll from the coronavirus pandemic in the United States approached 31,000 on Wednesday as governors began...",top 5 things to watch in markets in the week ahead,by maria caspani and jessica resnickault new york reuters  the death toll from the coronavirus pandemic in the united states approached 31000 on wednesday as governors began,"{'neg': 0.0, 'neu': 0.833, 'pos': 0.167, 'compound': 0.2023}","{'neg': 0.123, 'neu': 0.789, 'pos': 0.088, 'compound': -0.2732}",True,False
87,"Apr 15, 2020",Dow Futures Move Higher As Investors Brace for Earnings,"By Gina Lee, Peter Nurse, Kim Khan and Yasin Ebrahim
Investing.com - Germany will begin reopening its economy next week, while some U.S. states seeing lower impact from the...",dow futures move higher as investors brace for earnings,by gina lee peter nurse kim khan and yasin ebrahim investingcom  germany will begin reopening its economy next week while some us states seeing lower impact from the,"{'neg': 0.0, 'neu': 1.0, 'pos': 0.0, 'compound': 0.0}","{'neg': 0.075, 'neu': 0.925, 'pos': 0.0, 'compound': -0.296}",False,False
88,"Apr 15, 2020",Top 5 Things to Watch in Markets in the Week Ahead,"By Megan Davies
NEW YORK (Reuters) - The coronavirus pandemic and economic shutdowns could have multiple second-order impacts such as deflation in some economies, a loss of output,...",top 5 things to watch in markets in the week ahead,by megan davies new york reuters  the coronavirus pandemic and economic shutdowns could have multiple secondorder impacts such as deflation in some economies a loss of output,"{'neg': 0.0, 'neu': 0.833, 'pos': 0.167, 'compound': 0.2023}","{'neg': 0.084, 'neu': 0.916, 'pos': 0.0, 'compound': -0.3182}",True,False
89,"Apr 15, 2020",Dow Futures Move Higher As Investors Brace for Earnings,"By Tina Bellon
(Reuters) - Uber Technologies (NYSE:UBER) Inc on Wednesday said customers in New York City and the Miami area could now order restaurant meal deliveries over the...",dow futures move higher as investors brace for earnings,by tina bellon reuters  uber technologies nyseuber inc on wednesday said customers in new york city and the miami area could now order restaurant meal deliveries over the,"{'neg': 0.0, 'neu': 1.0, 'pos': 0.0, 'compound': 0.0}","{'neg': 0.0, 'neu': 1.0, 'pos': 0.0, 'compound': 0.0}",False,False
90,"Apr 14, 2020",Top 5 Things to Watch in Markets in the Week Ahead,"By Gina Lee, Geoffrey Smith and Kim Khan
Investing.com - A May 1 restart to the U.S. economy may be “a bit overly optimistic,” Anthony Fauci, head of the National...",top 5 things to watch in markets in the week ahead,by gina lee geoffrey smith and kim khan investingcom  a may 1 restart to the us economy may be a bit overly optimistic anthony fauci head of the national,"{'neg': 0.0, 'neu': 0.833, 'pos': 0.167, 'compound': 0.2023}","{'neg': 0.0, 'neu': 0.916, 'pos': 0.084, 'compound': 0.3182}",True,True
91,"Apr 13, 2020",Top 5 Things to Watch in Markets in the Week Ahead,"By Isla Binnie
MADRID (Reuters) - A factory in northern Spain that makes gearboxes for wind turbines welcomed back workers on Monday after a two-week lockdown across the country to...",top 5 things to watch in markets in the week ahead,by isla binnie madrid reuters  a factory in northern spain that makes gearboxes for wind turbines welcomed back workers on monday after a twoweek lockdown across the country to,"{'neg': 0.0, 'neu': 0.833, 'pos': 0.167, 'compound': 0.2023}","{'neg': 0.0, 'neu': 0.915, 'pos': 0.085, 'compound': 0.34}",True,True
92,"Apr 11, 2020",Top 5 Things to Watch in Markets in the Week Ahead,"By Jeff Mason
WASHINGTON (Reuters) - President Donald Trump said on Friday he faced his biggest decision yet with regard to when to re-open the U.S. economy from its coronavirus...",top 5 things to watch in markets in the week ahead,by jeff mason washington reuters  president donald trump said on friday he faced his biggest decision yet with regard to when to reopen the us economy from its coronavirus,"{'neg': 0.0, 'neu': 0.833, 'pos': 0.167, 'compound': 0.2023}","{'neg': 0.0, 'neu': 1.0, 'pos': 0.0, 'compound': 0.0}",True,False
93,"Apr 09, 2020",Top 5 Things to Watch in Markets in the Week Ahead,"By Gina Lee, Geoffrey Smith and Kim Khan
Investing.com - U.S. Treasury Secretary Steve Mnuchin said Thursday the U.S. economy could open up next month, while Federal Reserve...",top 5 things to watch in markets in the week ahead,by gina lee geoffrey smith and kim khan investingcom  us treasury secretary steve mnuchin said thursday the us economy could open up next month while federal reserve,"{'neg': 0.0, 'neu': 0.833, 'pos': 0.167, 'compound': 0.2023}","{'neg': 0.0, 'neu': 0.935, 'pos': 0.065, 'compound': 0.2023}",True,True
94,"Apr 08, 2020",Top 5 Things to Watch in Markets in the Week Ahead,"By Gina Lee, Geoffrey Smith and Kim Khan
Investing.com - Social Distancing is working in New York state and the curve of the coronavirus is flattening, New York Governor Andrew...",top 5 things to watch in markets in the week ahead,by gina lee geoffrey smith and kim khan investingcom  social distancing is working in new york state and the curve of the coronavirus is flattening new york governor andrew,"{'neg': 0.0, 'neu': 0.833, 'pos': 0.167, 'compound': 0.2023}","{'neg': 0.0, 'neu': 1.0, 'pos': 0.0, 'compound': 0.0}",True,False
95,"Apr 06, 2020",Top 5 Things to Watch in Markets in the Week Ahead,"By Michael Erman
(Reuters) - CVS Health Corp (N:CVS), called on by the Trump administration last month to help test Americans for infections from the new coronavirus, said it was...",top 5 things to watch in markets in the week ahead,by michael erman reuters  cvs health corp ncvs called on by the trump administration last month to help test americans for infections from the new coronavirus said it was,"{'neg': 0.0, 'neu': 0.833, 'pos': 0.167, 'compound': 0.2023}","{'neg': 0.0, 'neu': 0.912, 'pos': 0.088, 'compound': 0.4019}",True,True
96,"Apr 06, 2020",Top 5 Things to Watch in Markets in the Week Ahead,"By Patpicha Tanakasempipat
BANGKOK (Reuters) - The United States had no knowledge of a shipment of face masks bound for Germany that officials in Berlin have accused it of...",top 5 things to watch in markets in the week ahead,by patpicha tanakasempipat bangkok reuters  the united states had no knowledge of a shipment of face masks bound for germany that officials in berlin have accused it of,"{'neg': 0.0, 'neu': 0.833, 'pos': 0.167, 'compound': 0.2023}","{'neg': 0.141, 'neu': 0.769, 'pos': 0.09, 'compound': -0.1531}",True,False
97,"Apr 05, 2020",Top 5 Things to Watch in Markets in the Week Ahead,"By Dan Burns
(Reuters) - The job losses suffered in March as the U.S. economy shut down in the face of the novel coronavirus pandemic were widespread but still were...",top 5 things to watch in markets in the week ahead,by dan burns reuters  the job losses suffered in march as the us economy shut down in the face of the novel coronavirus pandemic were widespread but still were,"{'neg': 0.0, 'neu': 0.833, 'pos': 0.167, 'compound': 0.2023}","{'neg': 0.125, 'neu': 0.823, 'pos': 0.052, 'compound': -0.3182}",True,False
98,"Apr 03, 2020",Top 5 Things to Watch in Markets in the Week Ahead,"By Alexander Marrow
MOSCOW (Reuters) - President Vladimir Putin on Friday accepted the third resignation of a regional governor within two days after calling on Russia's far-flung...",top 5 things to watch in markets in the week ahead,by alexander marrow moscow reuters  president vladimir putin on friday accepted the third resignation of a regional governor within two days after calling on russias farflung,"{'neg': 0.0, 'neu': 0.833, 'pos': 0.167, 'compound': 0.2023}","{'neg': 0.081, 'neu': 0.842, 'pos': 0.077, 'compound': -0.0258}",True,False
99,"Apr 03, 2020",Dow Futures Move Higher As Investors Brace for Earnings,"By Nathan Layne and Maria Caspani
NEW YORK (Reuters) - New York suffered its deadliest single day from the novel coronavirus, with 562 additional deaths in the last 24 hours for a...",dow futures move higher as investors brace for earnings,by nathan layne and maria caspani new york reuters  new york suffered its deadliest single day from the novel coronavirus with 562 additional deaths in the last 24 hours for a,"{'neg': 0.0, 'neu': 1.0, 'pos': 0.0, 'compound': 0.0}","{'neg': 0.096, 'neu': 0.836, 'pos': 0.069, 'compound': -0.2263}",False,False
100,"Apr 03, 2020",Top 5 Things to Watch in Markets in the Week Ahead,"By Shrutee Sarkar and Rahul Karunakar
BENGALURU (Reuters) - The global recession that economists polled by Reuters say is under way will be deeper than thought a few weeks ago due...",top 5 things to watch in markets in the week ahead,by shrutee sarkar and rahul karunakar bengaluru reuters  the global recession that economists polled by reuters say is under way will be deeper than thought a few weeks ago due,"{'neg': 0.0, 'neu': 0.833, 'pos': 0.167, 'compound': 0.2023}","{'neg': 0.091, 'neu': 0.909, 'pos': 0.0, 'compound': -0.4215}",True,False
101,"Apr 01, 2020",Top 5 Things to Watch in Markets in the Week Ahead,"By Susan Cornwell
WASHINGTON (Reuters) - U.S. House Speaker Nancy Pelosi said on Wednesday she wants to virus-proof the November election by including funding to boost voting by...",top 5 things to watch in markets in the week ahead,by susan cornwell washington reuters  us house speaker nancy pelosi said on wednesday she wants to virusproof the november election by including funding to boost voting by,"{'neg': 0.0, 'neu': 0.833, 'pos': 0.167, 'compound': 0.2023}","{'neg': 0.0, 'neu': 0.906, 'pos': 0.094, 'compound': 0.4019}",True,True
102,"Apr 01, 2020",Top 5 Things to Watch in Markets in the Week Ahead,"By Eric Onstad
LONDON (Reuters) - The coronavirus pandemic is battering the global steel sector as huge swathes of industry that use steel shut down, with Europe hardest hit since...",top 5 things to watch in markets in the week ahead,by eric onstad london reuters  the coronavirus pandemic is battering the global steel sector as huge swathes of industry that use steel shut down with europe hardest hit since,"{'neg': 0.0, 'neu': 0.833, 'pos': 0.167, 'compound': 0.2023}","{'neg': 0.0, 'neu': 0.924, 'pos': 0.076, 'compound': 0.3182}",True,True
103,"Apr 01, 2020",Dow Futures Move Higher As Investors Brace for Earnings,"By Martin Quin Pollard
BEIJING (Reuters) - A team of Chinese scientists has isolated several antibodies that it says are ""extremely effective"" at blocking the ability of the new...",dow futures move higher as investors brace for earnings,by martin quin pollard beijing reuters  a team of chinese scientists has isolated several antibodies that it says are extremely effective at blocking the ability of the new,"{'neg': 0.0, 'neu': 1.0, 'pos': 0.0, 'compound': 0.0}","{'neg': 0.153, 'neu': 0.679, 'pos': 0.168, 'compound': 0.1354}",False,True
104,"Mar 31, 2020",Top 5 Things to Watch in Markets in the Week Ahead,"By Doina Chiacu
WASHINGTON (Reuters) - U.S. health officials said on Tuesday they are discussing whether to recommend that the general public wear face masks as a way to prevent...",top 5 things to watch in markets in the week ahead,by doina chiacu washington reuters  us health officials said on tuesday they are discussing whether to recommend that the general public wear face masks as a way to prevent,"{'neg': 0.0, 'neu': 0.833, 'pos': 0.167, 'compound': 0.2023}","{'neg': 0.0, 'neu': 0.878, 'pos': 0.122, 'compound': 0.3818}",True,True
